-- Data Export
-- Generated by extract_db_schema.py

-- Data for table: admin_users
-- 1 rows
INSERT INTO admin_users (id, username, password_hash, email, role, created_at) VALUES
(1, 'admin', 'admin123', 'admin@ambiente.gov.co', 'admin', '2025-05-30 03:13:45.431252');

-- Data for table: assessments
-- 22 rows
INSERT INTO assessments (id, user_id, total_score, max_possible_score, percentage, classification, completed_at, completion_time_seconds) VALUES
(2, 3, 33, 105, '31.43', 'Básico', NULL, NULL),
(3, 4, 72, 105, '68.57', 'Intermedio', NULL, NULL),
(4, 5, 35, 105, '33.33', 'Básico', '2025-06-03 04:32:39.139944', NULL),
(5, 6, 35, 105, '33.33', 'Básico', '2025-06-03 04:36:46.789829', NULL),
(6, 7, 41, 105, '39.05', 'Básico', '2025-06-03 04:40:36.145603', NULL),
(7, 8, 35, 105, '33.33', 'Básico', '2025-06-03 04:46:37.306922', NULL),
(8, 9, 61, 105, '58.1', 'Básico', '2025-06-03 04:54:00.784193', NULL),
(9, 10, 35, 105, '33.33', 'Básico', '2025-06-03 04:57:17.852676', NULL),
(10, 11, 65, 105, '61.9', 'Intermedio', '2025-06-03 15:16:46.880463', NULL),
(11, 12, 60, 105, '57.14', 'Básico', '2025-06-03 18:03:35.368793', NULL),
(12, 13, 95, 105, '90.48', 'Avanzado', '2025-06-05 23:13:00.306242', 140),
(13, 14, 89, 105, '84.76', 'Intermedio', '2025-06-06 01:30:00.063961', 427),
(14, 15, 33, 105, '31.43', 'Básico', '2025-06-06 01:40:22.479058', 101),
(15, 16, 42, 105, '40', 'Básico', '2025-06-06 01:49:04.156842', 240),
(16, 17, 67, 105, '63.81', 'Intermedio', '2025-06-06 02:08:36.308746', 81),
(17, 18, 35, 105, '33.33', 'Básico', '2025-06-06 02:16:08.828288', 73),
(18, 19, 105, 105, '100', 'Avanzado', '2025-06-06 02:21:18.441065', 54),
(19, 20, 65, 105, '61.9', 'Intermedio', '2025-06-06 02:49:38.578922', 176),
(20, 21, 33, 105, '31.43', 'Básico', '2025-06-06 02:57:18.310456', 76),
(21, 22, 35, 105, '33.33', 'Básico', '2025-06-06 03:01:57.802405', 56),
(22, 23, 70, 105, '66.67', 'Intermedio', '2025-06-06 03:10:27.624572', 58),
(23, 24, 69, 105, '65.71', 'Intermedio', '2025-06-06 03:20:48.823130', 70);

-- Data for table: modules
-- 3 rows
INSERT INTO modules (id, name, description, order_index) VALUES
(1, 'Módulo 1: Transparencia y Acceso a la Información Ambiental', 'Evaluación de transparencia y acceso a información', 1),
(2, 'Módulo 2: Participación Ciudadana, Control Social y Toma de Decisiones Ambientales', 'Evaluación de participación ciudadana', 2),
(3, 'Módulo 3: Participación ciudadana en la toma de decisiones ambientales', 'Evaluación de participación en decisiones', 3);

-- Data for table: questions
-- 37 rows
INSERT INTO questions (id, module_id, question_text, question_type, order_index, recommendations) VALUES
(1, 1, 'Actualizo el menu transparencia y acceso a la información de manera mensual', 'statement', 1, '{"No": "Revise la normatividad vigente (Ley 1712 de 2014, resoluci\u00f3n 1519 de 2020, Acuerdo de Escaz\u00fa) y establezca ruta o plan de trabajo para dar cumplimiento. Sensibilice sobre el derecho de acceso a la informaci\u00f3n p\u00fablica e informaci\u00f3n ambiental. Inicie con la implementaci\u00f3n de la ruta o plan de trabajo.", "No aplica": "Revise en la normatividad vigente si en realidad esto no le aplica a su entidad y en la siguiente casilla justifique su elecci\u00f3n con base en el criterio jur\u00eddico de su entidad.", "S\u00ed - B\u00e1sico": "Elabore lineamientos (protocolo, gu\u00eda, instructivo, procedimiento, etc) en el que se establezca los pasos y responsabilidades para la publicaci\u00f3n y actualizaci\u00f3n de la informaci\u00f3n conforme al art\u00edculo 9 de la Ley 1712 de 2014 y a la resoluci\u00f3n 1519 de 2020, asegurando que los contenidos est\u00e9n disponibles, actualizados y sean accesibles para la ciudadan\u00eda.", "S\u00ed - Avanzado": "Contin\u00fae con el proceso de validaci\u00f3n de la informaci\u00f3n y actualizaci\u00f3n en la p\u00e1gina web. Verifique periodicamente el cumplimiento de los requisitos establecidos en la resolucu\u00f3n 1519 de 2020. Adem\u00e1s de la actualizaci\u00f3n de la informaci\u00f3n, incorpore mejoras como el uso del lenguaje claro, formatos accesibles, traducci\u00f3n de informaci\u00f3n relevante a dialectos y lenguas del territorio, entre otros.", "S\u00ed - Intermedio": "Elabore el esquema de publicaci\u00f3n (uno de los instrumentos de la informaci\u00f3n obligatorios por la Ley 1712 de 2014). Si ya lo tiene revis\u00e9lo y actual\u00edcelo. Establezca sistema de revisi\u00f3n de la p\u00e1gina y alertas para verificar que la informaci\u00f3n se encuentra actualizada de manera oportuna."}'::json),
(2, 1, 'Actualizo el menu participa de manera mensual', 'statement', 2, '{"No": "Establezca un cronograma de actualizaci\u00f3n mensual del men\u00fa \"Participa\", de acuerdo con el Decreto 1499 de 2017, la resoluci\u00f3n 1519 de 2020, los lineamientos de Gobierno Digital y el Acuerdo de Escaz\u00fa, promoviendo mecanismos efectivos de participaci\u00f3n ciudadana.", "No aplica": "Revise en la normatividad vigente si en realidad esto no le aplica a su entidad y en la siguiente casilla justifique su elecci\u00f3n con base en el criterio jur\u00eddico de su entidad.", "S\u00ed - B\u00e1sico": "Revise los requisitos que la resoluci\u00f3n 1519 de 2020 establece para el men\u00fa participa y realice los ajustes necesarios en la p\u00e1gina web para dar cumplimiento a los mismos. Socialice con las \u00e1reas responsables de promover la participaci\u00f3n y establezca criterios para la publicaci\u00f3n de la informaci\u00f3n correspondiente de manera oportuna.", "S\u00ed - Avanzado": "Contin\u00fae con la actualizaci\u00f3n periodica y oportuna de los espacios y dem\u00e1s acticvidades que promuevan la participaci\u00f3n (convocatorias, espacios de dialogo, talleres, informes, etc) Incorpore resultados, visibilizaci\u00f3n de compromisos, seguimiento, datos abiertos e informes en lenguaje claro. Permita espacios de rertoalimentaci\u00f3n.", "S\u00ed - Intermedio": "Establezca un sistema de actualizaci\u00f3n de la informaci\u00f3n (protocolo, procedimiento, instructivo, etc) en el que las \u00e1reas responsables de promover la participaci\u00f3n remitan de manera la informaci\u00f3n correspondiente para ser publicada en el men\u00fa participa. Socialice y capacite."}'::json),
(3, 1, 'Actualizo la información correspondiente a planes y programas de proyectos ambientales de manera mensual', 'statement', 3, '{"No": "Identifique los planes y programas de proyectos ambientales, organice la informaci\u00f3n de cada uno y realice la publicaci\u00f3n correspondiente.", "No aplica": "Revise en la normatividad vigente si en realidad esto no le aplica a su entidad y en la siguiente casilla justifique su elecci\u00f3n con base en el criterio jur\u00eddico de su entidad.", "S\u00ed - B\u00e1sico": "Actualice mensualmente la informaci\u00f3n relacionada con planes, programas y proyectos ambientales, garantizando los principios de transparencia y m\u00e1xima publicidad consagrados en la Ley 1712 de 2014 y en el Acuerdo de Escaz\u00fa.", "S\u00ed - Avanzado": "Contin\u00fae con la publicaci\u00f3n de los planes y programas de los proyectos ambientales de manera mensual, mantega actualizada la informaci\u00f3n al respecto. Publique en formatos abiertos en concordancia con la Ley 1712 de 2014, las directrices del CONPES 3920 y del Acuerdo de Escaz\u00fa. Incluya seguimiento e indicadores de seguimiento.", "S\u00ed - Intermedio": "Revise periodicamente la totalidad de planes y proyectos ambientales, complete con la informaci\u00f3n que haga falta y actualice en su p\u00e1gina web. Presente la informaci\u00f3n de manera clara y comprensible."}'::json),
(4, 1, 'Mi página es accesible para todas las poblaciones diferenciales de mi territorio', 'statement', 4, '{"No": "Revise los criterios de accesibilidad establecidos en la resoluci\u00f3n 1519 de 2020 (anexo t\u00e9cnico 1 - Gu\u00eda de Accesibilidad de Contenidos Web - WCAG) y del art\u00edculo 14 del Decreto 2106 de 2019, y elabore una ruta o plan de trabajo que le permita iniciar con su implementaci\u00f3n de una manera racional.", "No aplica": "Revise en la normatividad vigente si en realidad esto no le aplica a su entidad y en la siguiente casilla justifique su elecci\u00f3n con base en el criterio jur\u00eddico de su entidad.", "S\u00ed - B\u00e1sico": "Identifique los grupos poblaciones de su territorio y las necesidades de accesibilidad de cada uno. Inicie por identificar e incorporar criterios de accesibilidad y enfoque diferencial de los grupos poblacionales de su terrorio, elabor\u00e9 una ruta o plan de trabajo.", "S\u00ed - Avanzado": "Garantice que la p\u00e1gina web institucional cumpla con los est\u00e1ndares de accesibilidad definidos de la resoluci\u00f3n 1519 de 2020 (anexo t\u00e9cnico 1 -Gu\u00eda de Accesibilidad de Contenidos Web - WCAG) y del art\u00edculo 14 del Decreto 2106 de 2019, permitiendo el acceso efectivo de todas las poblaciones diferenciales del territorio. Incorpore acciones innovadoras que mejoren la accesibilidad, realice validadiciones con los grupo poblacionales de su territorio.", "S\u00ed - Intermedio": "Revise los criterios de accesibilidad establecidos en la resoluci\u00f3n 1519 de 2020 (anexo t\u00e9cnico 1 -Gu\u00eda de Accesibilidad de Contenidos Web - WCAG) y del art\u00edculo 14 del Decreto 2106 de 2019, identifique cu\u00e1les esta cumpliendo, cu\u00e1les tiene pendiente por implementar y que recursos necesitaria para ello. Elabore una ruta o plan de trabajo que le permita avanzar en su implementaci\u00f3n de una manera racional."}'::json),
(5, 1, 'He hecho pruebas de sistema de lenguaje claro en mi página', 'statement', 5, '{"No": "Inicie un diagn\u00f3stico b\u00e1sico de los contenidos publicados en la p\u00e1gina web institucional, especialmente aquellos relacionados con los derechos de acceso a la informaci\u00f3n ambiental. Como parte del compromiso con la transparencia, se sugiere aplicar los lineamientos de la Estrategia Nacional de Lenguaje Claro del Departamento Administrativo de la Funci\u00f3n P\u00fablica (DAFP), los cuales promueven el uso de un lenguaje accesible, directo y comprensible para toda la ciudadan\u00eda. Seg\u00fan La Ley 1712 de 2014, Acuerdo de Escaz\u00fa y Decreto 1499 de 2017.", "No aplica": "Revise en la normatividad vigente si en realidad esto no le aplica a su entidad y en la siguiente casilla justifique su elecci\u00f3n con base en el criterio jur\u00eddico de su entidad.", "S\u00ed - B\u00e1sico": "Complemente las acciones realizadas con pruebas de comprensi\u00f3n aplicadas a ciudadanos y ciudadanas, centradas en contenidos claves como tr\u00e1mites, normativas o decisiones ambientales. Estas pruebas deben enfocarse en identificar dificultades en el entendimiento de la informaci\u00f3n y establecer ajustes que favorezcan la transparencia. Se sugiere emplear los instrumentos y gu\u00edas de la Estrategia Nacional de Lenguaje Claro (DAFP) como base metodol\u00f3gica y priorizar los contenidos que inciden directamente en el ejercicio del derecho al acceso a la informaci\u00f3n ambiental seg\u00fan La Ley 1712 de 2014, Acuerdo de Escaz\u00fa y Decreto 1499 de 2017.", "S\u00ed - Avanzado": "Consolide la experiencia institucional mediante la sistematizaci\u00f3n de buenas pr\u00e1cticas, enfocadas en la garant\u00eda del derecho de acceso a la informaci\u00f3n ambiental. Esta sistematizaci\u00f3n puede traducirse en manuales, protocolos o informes como parte de los indicadores de gesti\u00f3n y rendici\u00f3n de cuentas institucional. Seg\u00fan La Ley 1712 de 2014, Acuerdo de Escaz\u00fa y Decreto 1499 de 2017.", "S\u00ed - Intermedio": "Institucionalice la implementaci\u00f3n del lenguaje claro mediante protocolos que integren validaciones sistem\u00e1ticas con p\u00fablicos diversos, en especial aquellos con mayores barreras de acceso, como comunidades rurales, grupos \u00e9tnicos o personas con baja escolaridad. Este proceso debe alinearse con los principios y herramientas de la Estrategia Nacional de Lenguaje Claro (DAFP), asegurando la claridad en la comunicaci\u00f3n p\u00fablica y reforzando el acceso efectivo y no discriminatorio a la informaci\u00f3n ambiental. Seg\u00fan La Ley 1712 de 2014, Acuerdo de Escaz\u00fa y Decreto 1499 de 2017."}'::json),
(6, 1, 'Dentro de mi página web los canales de contacto son visibles y accesibles a todas las poblaciones diferenciales de mi territorio', 'statement', 6, '{"No": "Revise los criterios establecidos en el Decreto 1499 de 2017 (en lo referene al relacionamiento Estado-Ciudadano), la Ley 1712 de 2014, la resoluci\u00f3n 1519 de 2020 (anexo t\u00e9cnico 2), el Acuerdo de Escaz\u00fa y elabore una ruta o plan de trabajo que le permita iniciar con su implementaci\u00f3n de una manera racional.", "No aplica": "Revise en la normatividad vigente si en realidad esto no le aplica a su entidad y en la siguiente casilla justifique su elecci\u00f3n con base en el criterio jur\u00eddico de su entidad.", "S\u00ed - B\u00e1sico": "Revise los criterios establecidos en el Decreto 1499 de 2017 (en lo referene al relacionamiento Estado-Ciudadano), la Ley 1712 de 2014, la resoluci\u00f3n 1519 de 2020 (anexo t\u00e9cnico 2) y el Acuerdo de Escaz\u00fa, y realice las adecuaciones necesarias para que sus canales de contacto sean visibles, accesibles y adaptados a las necesidades de las poblaciones diferenciales", "S\u00ed - Avanzado": "Realice seguimiento a los canales de contacto, asegure que se encuentren visibles, que sean accesibles y adaptados a las necesidades de las poblaciones diferenciales, en l\u00ednea con la Ley 1712 de 2014 y la Resolcu\u00f3n 1519 de 2020 (anexo t\u00e9cnico 2). Optimice los canales de contacto, revise formatos y valide accesibilidad.", "S\u00ed - Intermedio": "Revise los criterios de enfoque diferencial e incorpore a sus canales de contacto para garantizar la inclusi\u00f3n y participaci\u00f3n de los grupos poblaciones de su territorio."}'::json),
(7, 1, 'El tiempo de respuesta de nuestros PQRS ambientales siempre se entregan bajo los términos de ley', 'statement', 7, '{"No": "Elabore o revise el protocolo de atenci\u00f3n a PQRS e identifique las causas que impiden cumplir con los tiempos estipulados por la ley para entregar las respuestas. Implemente acciones de mejora.", "No aplica": "Revise en la normatividad vigente si en realidad esto no le aplica a su entidad y en la siguiente casilla justifique su elecci\u00f3n con base en el criterio jur\u00eddico de su entidad.", "S\u00ed - B\u00e1sico": "Identifique las causas en los que se han presentados los incumplimientos e implemente acciones de mejora para evitar que vuelvan a presentarse.", "S\u00ed - Avanzado": "Realice seguimiento permanente y garantice que las respuestas a las PQRS ambientales se entreguen dentro de los t\u00e9rminos establecidos por la Ley 1755 de 2015, cumpliendo con los principios de legalidad, celeridad y eficacia en la gesti\u00f3n p\u00fablica. Publique un informe con estad\u00edsticas, tiemposde respuesta y mejora continua, de cuerdo a la resloci\u00f3n 1519 de 2020 (Anexo t\u00e9cnico 2).", "S\u00ed - Intermedio": "Analice los casos en los que no se han cumplido los terminos de ley y tome las acciones puntuales para evitar su nueva ocurrencia."}'::json),
(8, 1, 'Tengo establecidos claramente los criterios para denegar solicitudes de información ambiental', 'statement', 8, '{"No": "Revise los criterios establecidos en el art\u00edculo 18 de la Ley 1712 de 2014 y en el Acuerdo de Escaz\u00fa, respecto a los criterios, procedimientos, definiciones e instrumentos para la denegaci\u00f3n de la informaci\u00f3n y elabore una ruta o plan de trabajo que le permita avanzar y dar cumplimiento a la normatividad.", "No aplica": "Revise en la normatividad vigente si en realidad esto no le aplica a su entidad y en la siguiente casilla justifique su elecci\u00f3n con base en el criterio jur\u00eddico de su entidad.", "S\u00ed - B\u00e1sico": "Elabore el \u00edndice de informaci\u00f3n clasificada y reservada (uno de los instrumentos de la informaci\u00f3n obligatorios por la Ley 1712 de 2014). Si ya lo tiene revis\u00e9lo y actual\u00edcelo. Defina claramente los criterios para denegar solicitudes de informaci\u00f3n ambiental, conforme a las causales previstas en el art\u00edculo 18 de la Ley 1712 de 2014, asegurando transparencia y motivaci\u00f3n adecuada.", "S\u00ed - Avanzado": "Mantenga el \u00edndice de informaci\u00f3n clasificada y reservada actualizado con los actos, documentos e informaciones calificados como clasificados o reservados, de conformidad la Ley 1712 de 2014 y al Acuerdo de Escaz\u00fa. El \u00edndice incluir\u00e1 sus denominaciones, la motivaci\u00f3n y la individualizaci\u00f3n del acto en que conste tal calificaci\u00f3n.", "S\u00ed - Intermedio": "Revise el \u00edndice de informaci\u00f3n clasificada y reservada, verifique que contegan claramente los criterios para denegar solicitudes de informaci\u00f3n ambiental, conforme a las causales previstas en el art\u00edculo 18 de la Ley 1712 de 2014, asegurando transparencia y motivaci\u00f3n adecuada. Verifique que se encuentra adoptado formalmente mediante acto administravo, actualice de ser necesario. Socialice y capacite tanto a servidores como a la ciudadan\u00eda respecto a las causales previstas en el art\u00edculo 18 de la Ley 1712 de 2014 para la denegaci\u00f3n de informaci\u00f3n."}'::json),
(9, 1, 'Conozco la prueba de interés público para determinar la denegación de información', 'statement', 9, '{"No": "Revise en el Acuerdo de Escaz\u00fa y en la Ley 1712 de 2024 los criterios de denegaci\u00f3n de informaci\u00f3n, entrega parcial de la informaci\u00f3n y la aplicaci\u00f3n de la prueba de inter\u00e9s p\u00fablico y establezca con claridad en qu\u00e9 casos procede su aplicaci\u00f3n. Estableza ruta o plan de trabajo para interiorizar y aplicar al interior de la entidad.", "No aplica": "Revise en la normatividad vigente si en realidad esto no le aplica a su entidad y en la siguiente casilla justifique su elecci\u00f3n con base en el criterio jur\u00eddico de su entidad.", "S\u00ed - B\u00e1sico": "Revise en el Acuerdo de Escaz\u00fa y en la Ley 1712 de 2024 los criterios de denegaci\u00f3n de informaci\u00f3n, entrega parcial de la informaci\u00f3n y la aplicaci\u00f3n de la prueba de inter\u00e9s p\u00fablico. Determine en que casos y ocasiones procede la aplicaci\u00f3n de la prueba de inter\u00e9s p\u00fablico y elabore un protocolo (procedimiento, gu\u00eda, instrumento) que determine los criterios, roles y responsabilidades para su aplicaci\u00f3n. Socialice y capacite.", "S\u00ed - Avanzado": "Realice seguimiento periodico, mantega cifras actualizadas, documente los casos con an\u00e1lisis detallado (tipo de informaci\u00f3n, justificaci\u00f3n t\u00e9cnica y jur\u00eddica, tiempos, resultados) en los que tuvo que aplicar la prueba de inter\u00e9s p\u00fablico. Mantenga trazabilidad, gestione el conocimiento y publique la informaci\u00f3n.", "S\u00ed - Intermedio": "Realice seguimiento e identifique los casos en los que ha tenido que aplicar la prueba de inter\u00e9s p\u00fablico con sus debida justificacines (t\u00e9cnica y jur\u00eddica). Lleve indicadores al respecto."}'::json),
(10, 1, 'Cuento con formatos alternativos, accesibles y comprensibles para que la ciudadanía pueda acceder a la información ambiental y servicios de manera efectiva, incluyendo a la población en situación de vulnerabilidad.', 'statement', 10, '{"No": "Revise los criterios de accesibilidad para formatos, establecidos en la Ley 1712 de 2024, la Resoluci\u00f3n 1519 de 2020 (anexo t\u00e9cnico 1), el Acuerdo de Escaz\u00fa, la Ley 1346 de 2009 y los principios de accesibilidad universal y coteje frente a sus formatos y establezca una ruta o plan de trabajo para realizar la adecuaci\u00f3n de los formatos.", "No aplica": "Revise en la normatividad vigente si en realidad esto no le aplica a su entidad y en la siguiente casilla justifique su elecci\u00f3n con base en el criterio jur\u00eddico de su entidad.", "S\u00ed - B\u00e1sico": "Dise\u00f1e formatos alternativos, accesibles y comprensibles que faciliten el acceso a la informaci\u00f3n ambiental y a los servicios institucionales, en cumplimiento de la Ley 1712 de 2024, la Resoluci\u00f3n 1519 de 2020 (anexo t\u00e9cnico 1), el Acuerdo de Escaz\u00fa, la Ley 1346 de 2009 y los principios de accesibilidad universal.", "S\u00ed - Avanzado": "Realice seguimiento al uso de sus formatos, verifique que accesibilidad seg\u00fan la poblaci\u00f3n objetivo, implemente mejoras y mantenga actualizados.", "S\u00ed - Intermedio": "Verifique que la totalidad de sus formatos sean alternativos, accesibles y comprensibles de acuerdo con los criterios establecidos en la Ley 1712 de 2024, la Resoluci\u00f3n 1519 de 2020 (anexo t\u00e9cnico 1), el Acuerdo de Escaz\u00fa, la Ley 1346 de 2009 y los principios de accesibilidad universal, y realice los ajustes correspondientes para facilitar el acceso a la informaci\u00f3n ambiental y a los servicios intitucionales."}'::json),
(11, 1, 'He definido costos asociados con la entrega de información ambiental razonables y transparentes', 'statement', 11, '{"No": "Revise la normatividad vigente (articulo 26 de la Ley 1712 de 2014, resoluci\u00f3n 1519 de 2020, Acuerdo de Escaz\u00fa) y establezca los costos de reproducci\u00f3n (razonables y transparentes) asociados a la entrega de informaci\u00f3n ambiental, evitando barreras econ\u00f3micas de acceso.", "No aplica": "Revise en la normatividad vigente si en realidad esto no le aplica a su entidad y en la siguiente casilla justifique su elecci\u00f3n con base en el criterio jur\u00eddico de su entidad.", "S\u00ed - B\u00e1sico": "Elabore y publique acto administrativo sobre costos de reproducci\u00f3n de informaci\u00f3n p\u00fablica, en el que se informe los costos de reproducci\u00f3n individualizado por costo unitario de los diferentes formatos a trav\u00e9s de los cuales se puede reproducir la informaci\u00f3n.", "S\u00ed - Avanzado": "Mantenga costos de reproduci\u00f3n publicados (con an\u00e1lisis basado en la normatividad), el acto admistrativo que los adopta actualizado, realice revisi\u00f3n anual participativa.", "S\u00ed - Intermedio": "Revise el acto administrativo sobre costos de reproducci\u00f3n y actualice, verifique que los costos definidos sean razonables y transparentes, basados en la normatividad vigente. Publique actualizaci\u00f3n e informe claramente sobre los costos de reproducci\u00f3n."}'::json),
(13, 2, 'Tengo un registro de emisiones y transferencias de contaminantes al aire, agua, suelo y subsuelo bajo su jurisdicción conforme a la normatividad aplicable', 'statement', 13, '{"No": {"text": "Se recomienda iniciar y mantener un registro actualizado de emisiones y transferencias de contaminantes al aire, agua, suelo y subsuelo, conforme a los lineamientos del RUA, el PRTR Colombia y la normativa ambiental vigente, como parte del cumplimiento del art\u00edculo 6 del", "points": 0}, "No aplica": {"text": "Revise en la normatividad vigente si en realidad esto no le aplica a su entidad y en la siguiente casilla justifique su elecci\u00f3n con base en el criterio jur\u00eddico de su entidad.", "points": 0}, "S\u00ed - B\u00e1sico": {"text": "Implementar un sistema b\u00e1sico de registro que permita comenzar la recolecci\u00f3n estructurada de datos sobre emisiones y transferencias de contaminantes, asegurando al menos un formato est\u00e1ndar para reportes internos.", "points": 1}, "S\u00ed - Avanzado": {"text": "Ampliar la interoperabilidad del sistema con otras bases de datos ambientales y asegurar el cumplimiento de est\u00e1ndares de calidad de datos, fortaleciendo capacidades t\u00e9cnicas del personal encargado.", "points": 3}, "S\u00ed - Intermedio": {"text": "Desarrollar un mecanismo de consolidaci\u00f3n y sistematizaci\u00f3n de los datos existentes, estableciendo procedimientos peri\u00f3dicos de actualizaci\u00f3n y validaci\u00f3n para mejorar la calidad del registro.", "points": 2}}'::json),
(16, 2, 'Mis datos ambientales siempre están disponibles en formatos editable', 'statement', 16, '{"No": {"text": "Se recomienda adoptar la pr\u00e1ctica de publicar los datos ambientales en formatos abiertos y editables (como .xls, .csv, .ods) en la p\u00e1gina web institucional y en plataformas de acceso p\u00fablico, asegurando que estos sean f\u00e1ciles de descargar, consultar y utilizar por la ciudadan\u00eda y otros actores interesados. Adem\u00e1s, se puede crear un sistema de alertas para notificar actualizaciones de los datos y garantizar su accesibilidad continua. Es importante tambi\u00e9n establecer un proceso claro para la revisi\u00f3n y carga peri\u00f3dica de nuevos datos, y proporcionar gu\u00edas de uso o tutoriales que faciliten la interpretaci\u00f3n y an\u00e1lisis de la informaci\u00f3n. Por \u00faltimo, se sugiere capacitar a los encargados del manejo de los datos para asegurar la calidad, consistencia y actualizaci\u00f3n de la informaci\u00f3n ambiental.", "points": 0}, "No aplica": {"text": "Revise en la normatividad vigente si en realidad esto no le aplica a su entidad y en la siguiente casilla justifique su elecci\u00f3n con base en el criterio jur\u00eddico de su entidad.", "points": 0}, "S\u00ed - B\u00e1sico": {"text": "Se sugiere convertir los documentos PDF o formatos cerrados a formatos abiertos como Excel (XLS) o CSV, priorizando aquellos con mayor demanda o utilidad p\u00fablica.", "points": 1}, "S\u00ed - Avanzado": {"text": "Mejorar la documentaci\u00f3n de los conjuntos de datos, garantizando la inclusi\u00f3n de metadatos estandarizados (fecha de actualizaci\u00f3n, responsable, unidad de medida, etc.) y aseg\u00farate de mantenerlos actualizados.", "points": 3}, "S\u00ed - Intermedio": {"text": "Realizar un inventario de los conjuntos de datos existentes y establece un plan progresivo para liberar todos los datos en formatos abiertos, asegurando su actualizaci\u00f3n peri\u00f3dica.", "points": 2}}'::json),
(17, 2, 'Mido mi desempeño ambiental, implemento un plan estructurado, documentado para mitigar impactos y mejorar, así como divulgo los resultados a la ciudadanía', 'statement', 17, '{"No": {"text": "Se recomienda implementar un plan estructurado y documentado para medir el desempe\u00f1o ambiental institucional, mitigar impactos y mejorar continuamente. Este plan debe incluir indicadores de gesti\u00f3n, metas claras y acciones para la mitigaci\u00f3n de impactos, asegurando la transparencia y el cumplimiento de la normativa vigente. Los resultados deben ser divulgados de manera accesible a la ciudadan\u00eda, a trav\u00e9s de informes peri\u00f3dicos, plataformas digitales y otros medios de comunicaci\u00f3n, en coherencia con la Ley 152 de 1994 (Plan de Desarrollo) y el art\u00edculo 7 del Acuerdo de Escaz\u00fa. Esta pr\u00e1ctica no solo mejora la rendici\u00f3n de cuentas, sino que tambi\u00e9n fortalece la participaci\u00f3n ciudadana en la toma de decisiones ambientales.", "points": 0}, "No aplica": {"text": "Revise en la normatividad vigente si en realidad esto no le aplica a su entidad y en la siguiente casilla justifique su elecci\u00f3n con base en el criterio jur\u00eddico de su entidad.", "points": 0}, "S\u00ed - B\u00e1sico": {"text": "Iniciar con la elaboraci\u00f3n de un diagn\u00f3stico ambiental b\u00e1sico que identifique los principales impactos, y formular un plan m\u00ednimo con metas y acciones prioritarias para empezar el monitoreo del desempe\u00f1o ambiental.", "points": 1}, "S\u00ed - Avanzado": {"text": "Fortalecer los canales de comunicaci\u00f3n con la ciudadan\u00eda para divulgar los resultados de forma accesible y comprensible, e incorporar espacios de retroalimentaci\u00f3n ciudadana.", "points": 3}, "S\u00ed - Intermedio": {"text": "Establecer un cronograma de implementaci\u00f3n y seguimiento del plan, con responsables definidos y rutinas de medici\u00f3n peri\u00f3dica para asegurar que los indicadores se apliquen de forma constante.", "points": 2}}'::json),
(18, 2, 'Publico información completa sobre los procesos de toma de decisiones ambientales ( concesiones, licencias, permisos, contratos, convenios o autorizaciones , entre otros)', 'statement', 18, '{"No": {"text": "Se recomienda publicar de manera accesible y completa la informaci\u00f3n sobre los procesos de toma de decisiones ambientales, tales como concesiones, licencias, permisos, contratos, convenios y autorizaciones. Esta informaci\u00f3n debe ser f\u00e1cilmente consultable en plataformas en l\u00ednea, en formatos abiertos y actualizados, y debe incluir detalles sobre los procedimientos, criterios de evaluaci\u00f3n, decisiones tomadas y los impactos ambientales considerados. Esta acci\u00f3n contribuye a garantizar la transparencia, el acceso a la informaci\u00f3n y la participaci\u00f3n ciudadana, en cumplimiento con los principios del art\u00edculo 6 del Acuerdo de Escaz\u00fa y la Ley 1712 de 2014.", "points": 0}, "No aplica": {"text": "Revise en la normatividad vigente si en realidad esto no le aplica a su entidad y en la siguiente casilla justifique su elecci\u00f3n con base en el criterio jur\u00eddico de su entidad.", "points": 0}, "S\u00ed - B\u00e1sico": {"text": "Dise\u00f1ar un plan b\u00e1sico de publicaci\u00f3n peri\u00f3dica (ej., mensual) que incluya al menos un formato est\u00e1ndar para cada tipo de documento, asegurando que haya un punto de partida claro y accesible.", "points": 1}, "S\u00ed - Avanzado": {"text": "Incorporar una auditor\u00eda interna peri\u00f3dica que asegure la actualizaci\u00f3n constante de la informaci\u00f3n y facilite la interoperabilidad con otras plataformas p\u00fablicas o territoriales.", "points": 3}, "S\u00ed - Intermedio": {"text": "Implementar mecanismos de trazabilidad, como fichas t\u00e9cnicas por documento y cronogramas de publicaci\u00f3n, adem\u00e1s de completar la informaci\u00f3n faltante para brindar un panorama m\u00e1s coherente y verificable.", "points": 2}}'::json),
(20, 3, 'Tengo un plan ajustado a los marcos normativos nacionales e internacionales para asegurar la participación ciudadana en la toma de decisiones ambientales que incluye las obligaciones internacionales respecto a los derechos de los pueblos indígenas y las comunidades locales', 'statement', 20, '{"No": {"text": "Formule un plan de participaci\u00f3n ciudadana ajustado a los marcos normativos nacionales e internacionales, incluyendo las obligaciones sobre los derechos de los pueblos ind\u00edgenas y comunidades locales, conforme a el Acuerdo de Escaz\u00fa Y La Ley 1757 de 2015 (Ley de Participaci\u00f3n).", "points": 0}, "No aplica": {"text": "Revise en la normatividad vigente si en realidad esto no le aplica a su entidad y en la siguiente casilla justifique su elecci\u00f3n con base en el criterio jur\u00eddico de su entidad.", "points": 0}, "S\u00ed - B\u00e1sico": {"text": "Defina un plan completo para incorporar el enfoque \u00e9tnico-territorial y el cumplimiento de los marcos normativos nacionales e internacionales en participaci\u00f3n ambiental. Esto permitir\u00e1 garantizar procesos inclusivos, culturalmente adecuados y con reconocimiento de los derechos colectivos.", "points": 1}, "S\u00ed - Avanzado": {"text": "Comparta el plan como una buena pr\u00e1ctica institucional que d\u00e9 cumplimiento efectivo de La Ley 1757 de 2015 (Ley de Participaci\u00f3n) y El Acuerdo de Escaz\u00fa conforme a los est\u00e1ndares de participaci\u00f3n, transparencia y enfoque diferencial.", "points": 3}, "S\u00ed - Intermedio": {"text": "Mejore la implementaci\u00f3n del plan mediante acciones articuladas de consulta, seguimiento y formaci\u00f3n, en concordancia con la normativa nacional e instrumentos internacionales de derechos humanos y ambientales. Se sugiere asegurar que las medidas adoptadas reflejen los principios del Acuerdo de Escaz\u00fa y y La Ley 1757 de 2015 (Ley de Participaci\u00f3n). Especialmente en relaci\u00f3n con la participaci\u00f3n activa y la justicia ambiental para comunidades \u00e9tnicas.", "points": 2}}'::json),
(22, 3, 'Promuevo activamente que la ciudadanía participe en cualquier momento del proceso de toma de decisiones', 'statement', 22, '{"No": {"text": "Inicie acciones que permitan a la ciudadan\u00eda participar m\u00e1s all\u00e1 de las etapas formales de consulta, garantizando espacios abiertos y accesibles en el proceso de toma de decisiones ambientales, en l\u00ednea con el Acuerdo de Escaz\u00fa y conforme a La Ley 1757 de 2015 (Ley de Participaci\u00f3n)", "points": 0}, "No aplica": {"text": "Revise en la normatividad vigente si en realidad esto no le aplica a su entidad y en la siguiente casilla justifique su elecci\u00f3n con base en el criterio jur\u00eddico de su entidad.", "points": 0}, "S\u00ed - B\u00e1sico": {"text": "Mejore la difusi\u00f3n y accesibilidad de los canales existentes, promoviendo activamente su uso en diversas etapas del proceso de decisi\u00f3n. Esto permitir\u00e1 avanzar hacia una participaci\u00f3n m\u00e1s informada y continua, en l\u00ednea con los est\u00e1ndares del Acuerdo de Escaz\u00fa y La Ley 1757 de 2015(Ley de Participaci\u00f3n)", "points": 1}, "S\u00ed - Avanzado": {"text": "Proponga la participaci\u00f3n ciudadana como un componente transversal en todas las fases de decisi\u00f3n ambientales de su entidad, con enfoque de derechos, trazabilidad, y evaluaci\u00f3n participativa. conforme a La Ley 1757 de 2015 (Ley de Participaci\u00f3n) y a los principios de transparencia y justicia ambiental del Acuerdo de Escaz\u00fa.", "points": 3}, "S\u00ed - Intermedio": {"text": "Fortalezca la estrategia de participaci\u00f3n mediante contenidos pedag\u00f3gicos, convocatorias permanentes y mecanismos de retroalimentaci\u00f3n. Esto asegura mayor alcance y equidad en la participaci\u00f3n, conforme a La Ley 1757 de 2015 (Ley de Participaci\u00f3n) y a los principios de transparencia y justicia ambiental del Acuerdo de Escaz\u00fa.", "points": 2}}'::json),
(24, 3, 'Tengo planes específicos para facilitar la participación de las comunidades impactadas directamente en los procesos de toma de decisiones ambientales', 'statement', 24, '{"No": {"text": "Desarrolle planes espec\u00edficos para facilitar la participaci\u00f3n activa de las comunidades directamente impactadas por los procesos de toma de decisiones ambientales. Estos planes deben cumplir con los principios de acceso a la informaci\u00f3n y participaci\u00f3n efectiva establecidos en el Acuerdo de Escaz\u00fa y en del Acuerdo de Escaz\u00fa y La Ley 1757 de 2015 (Ley de Participaci\u00f3n).", "points": 0}, "No aplica": {"text": "Revise en la normatividad vigente si en realidad esto no le aplica a su entidad y en la siguiente casilla justifique su elecci\u00f3n con base en el criterio jur\u00eddico de su entidad.", "points": 0}, "S\u00ed - B\u00e1sico": {"text": "Ajuste los planes existentes para incluir acciones espec\u00edficas dirigidas a las comunidades m\u00e1s afectadas. Esto implica garantizar canales de comunicaci\u00f3n accesibles, tiempos adecuados para la participaci\u00f3n y facilitar la comprensi\u00f3n de los procesos, cumpliendo con el enfoque diferencial del Acuerdo de Escaz\u00fa y La Ley 1757 de 2015 (Ley de Participaci\u00f3n)", "points": 1}, "S\u00ed - Avanzado": {"text": "Consolide y documente estas pr\u00e1cticas como un referente institucional, promoviendo su sostenibilidad y alineaci\u00f3n continua con las normativas internacionales y los compromisos del Acuerdo de Escaz\u00fa y La Ley 1757 de 2015 (Ley de Participaci\u00f3n)", "points": 3}, "S\u00ed - Intermedio": {"text": "Se recomienda mejorar la implementaci\u00f3n de los planes, asegurando que los mecanismos de participaci\u00f3n sean efectivos, accesibles y culturalmente apropiados para las comunidades impactadas. Tambi\u00e9n se debe realizar un seguimiento a los resultados de la participaci\u00f3n, asegurando la retroalimentaci\u00f3n y cumplimiento de los compromisos adquiridos en base al Acuerdo de Escaz\u00fa y La Ley 1757 de 2015 (Ley de Participaci\u00f3n)", "points": 2}}'::json),
(26, 3, 'Tengo una estrategia para asegurar que las observaciones de la ciudadanía sean consideradas y contribuyan en los procesos de toma de decisiones', 'statement', 26, '{"No": {"text": "Establezca una estrategia b\u00e1sica que permita recopilar, organizar y considerar las observaciones ciudadanas dentro del proceso decisorio. Esto representa un primer paso hacia el cumplimiento de los est\u00e1ndares de participaci\u00f3n efectiva del Acuerdo de Escaz\u00fa La Ley 1757 de 2015 (Ley de Participaci\u00f3n)", "points": 0}, "No aplica": {"text": "Revise en la normatividad vigente si en realidad esto no le aplica a su entidad y en la siguiente casilla justifique su elecci\u00f3n con base en el criterio jur\u00eddico de su entidad.", "points": 0}, "S\u00ed - B\u00e1sico": {"text": "Fortalezca el proceso de recepci\u00f3n de observaciones incorporando mecanismos de trazabilidad interna. Esto permitir\u00e1 dar seguimiento a los aportes recibidos y avanzar hacia una participaci\u00f3n m\u00e1s transparente e incidente, dando cumplimiento a los principios del Acuerdo de Escaz\u00fa en materia de participaci\u00f3n y La Ley 1757 de 2015 (Ley de Participaci\u00f3n)", "points": 1}, "S\u00ed - Avanzado": {"text": "Proponga nuevas practicas, asegurando que todas las observaciones sean claramente reflejadas en las decisiones finales y que el sistema siga siendo accesible y evaluado de forma continua para garantizar la m\u00e1xima transparencia y efectividad en la participaci\u00f3n ciudadana.", "points": 3}, "S\u00ed - Intermedio": {"text": "Consolide la estrategia institucional para asegurar que las observaciones sean sistem\u00e1ticamente documentadas, analizadas y respondidas. Esto refuerza la rendici\u00f3n de cuentas y da cumplimiento a los principios del Acuerdo de Escaz\u00fa en materia de participaci\u00f3n y La Ley 1757 de 2015 (Ley de Participaci\u00f3n).", "points": 2}}'::json),
(28, 3, 'Facilito la participación de comunidades que hablen idiomas distintos al idioma oficial', 'statement', 28, '{"No": {"text": "Inicie el cumplimiento del Art\u00edculo 8 y 17 de la Ley 1712 de 2014 y del Art\u00edculo 6.6 del Acuerdo de Escaz\u00fa, adoptando medidas para garantizar el acceso a la informaci\u00f3n en idiomas, formatos y canales accesibles. Es clave adecuar los sistemas de informaci\u00f3n y medios de comunicaci\u00f3n para llegar efectivamente a grupos \u00e9tnicos, culturales y personas con discapacidad, asegurando su derecho a estar informados.", "points": 0}, "No aplica": {"text": "Revise en la normatividad vigente si en realidad esto no le aplica a su entidad y en la siguiente casilla justifique su elecci\u00f3n con base en el criterio jur\u00eddico de su entidad.", "points": 0}, "S\u00ed - B\u00e1sico": {"text": "Fortalezca la accesibilidad de la informaci\u00f3n p\u00fablica mediante formatos alternativos, comprensibles y multiling\u00fces, conforme al Art\u00edculo 8 y 17 de la Ley 1712 de 2014. Igualmente, se deben adecuar los canales digitales y f\u00edsicos para facilitar el acceso a grupos \u00e9tnicos, culturales y personas con discapacidad. Esto en concordancia con el Art\u00edculo 6.6 del Acuerdo de Escaz\u00fa, que exige divulgaci\u00f3n en formatos accesibles y comprensibles. Mejorar estos aspectos permitir\u00e1 un acceso m\u00e1s equitativo y efectivo a la informaci\u00f3n ambiental.", "points": 1}, "S\u00ed - Avanzado": {"text": "Consolide la estrategia de accesibilidad mediante la divulgaci\u00f3n proactiva de informaci\u00f3n en idiomas y formatos alternativos, conforme al Art\u00edculo 8 y 17 de la Ley 1712 de 2014 y el Art\u00edculo 6.6 del Acuerdo de Escaz\u00fa. Se sugiere integrar mecanismos de evaluaci\u00f3n del impacto y asegurar que los sistemas de informaci\u00f3n sean inclusivos, alineados con el Programa de Gesti\u00f3n Documental, y permitan una participaci\u00f3n ciudadana efectiva.", "points": 3}, "S\u00ed - Intermedio": {"text": "Mejore la accesibilidad de la informaci\u00f3n p\u00fablica, cumpliendo con el Art\u00edculo 8 y 17 de la Ley 1712 de 2014 y el Art\u00edculo 6.6 del Acuerdo de Escaz\u00fa, garantizando su divulgaci\u00f3n en diversos idiomas y formatos accesibles. Adem\u00e1s, es necesario alinear los sistemas de informaci\u00f3n con los procedimientos establecidos y adaptarlos para grupos \u00e9tnicos, culturales y personas con discapacidad.", "points": 2}}'::json),
(30, 3, 'Proporciono y promuevo procedimientos administrativos y judiciales para que la ciudadanía pueda impugnar o recurrir en decisiones ambientales', 'statement', 30, '{"No": {"text": "Establezca rutas claras de acci\u00f3n jur\u00eddica y administrativa que permitan a la ciudadan\u00eda ejercer su derecho a impugnar decisiones ambientales. Esto responde al Acuerdo de Escaz\u00fa (art. 5) y a lo estipulado en la Ley 1757 de 2015 sobre mecanismos de participaci\u00f3n, as\u00ed como a la obligaci\u00f3n de garantizar el acceso efectivo a la informaci\u00f3n (Ley 1712 de 2014).", "points": 0}, "No aplica": {"text": "Revise en la normatividad vigente si en realidad esto no le aplica a su entidad y en la siguiente casilla justifique su elecci\u00f3n con base en el criterio jur\u00eddico de su entidad.", "points": 0}, "S\u00ed - B\u00e1sico": {"text": "Adopte mecanismos institucionales que garanticen el acceso a procedimientos administrativos y judiciales efectivos para impugnar decisiones ambientales, en cumplimiento del Art\u00edculo 5 del Acuerdo de Escaz\u00fa. Es fundamental que la ciudadan\u00eda conozca y acceda f\u00e1cilmente a estos recursos, conforme a la Ley 1757 de 2015 y a los principios de transparencia y acceso a la informaci\u00f3n de la Ley 1712 de 2014.", "points": 1}, "S\u00ed - Avanzado": {"text": "Consolide las buenas pr\u00e1cticas institucionales, como la promoci\u00f3n activa del acceso a la justicia ambiental, mediante estrategias de divulgaci\u00f3n, acompa\u00f1amiento jur\u00eddico y evaluaci\u00f3n del impacto de los recursos ejercidos. Esto debe estar articulado con el Art\u00edculo 85del Acuerdo de Escaz\u00fa, promoviendo justicia ambiental efectiva, accesible y equitativa, en l\u00ednea con las leyes 1712 y 1757.", "points": 3}, "S\u00ed - Intermedio": {"text": "Fortalezca y visibilice los procedimientos ya existentes, garantizando que la ciudadan\u00eda conozca sus derechos y c\u00f3mo ejercerlos frente a decisiones ambientales. Se debe avanzar en la eliminaci\u00f3n de barreras de acceso (territoriales, digitales o jur\u00eddicas) y cumplir con el Acuerdo de Escaz\u00fa (Art. 8), asegurando una participaci\u00f3n activa y justa, conforme a la Ley 1757 y la Ley 1712.", "points": 2}}'::json),
(31, 3, 'Promuevo activamente el ejercicio del derecho al control social sobre la gestión ambiental', 'statement', 31, '{"No": {"text": "Elabor\u00e9 e implemente un plan espec\u00edfico para fomentar el control social activo en la gesti\u00f3n ambiental, creando espacios formales de participaci\u00f3n donde la ciudadan\u00eda pueda monitorear y evaluar las decisiones ambientales. Adem\u00e1s, debe garantizar que la informaci\u00f3n relevante sea proporcionada de manera accesible y en formatos comprensibles para facilitar la participaci\u00f3n, revise T\u00edtulo V cap\u00edtulo 1 Del control social a lo p\u00fablico de la Ley 1757.", "points": 0}, "No aplica": {"text": "Revise en la normatividad vigente si en realidad esto no le aplica a su entidad y en la siguiente casilla justifique su elecci\u00f3n con base en el criterio jur\u00eddico de su entidad.", "points": 0}, "S\u00ed - B\u00e1sico": {"text": "Implemente mecanismos claros para promover el ejercicio del control social en la gesti\u00f3n ambiental, en l\u00ednea con los principios de transparencia y participaci\u00f3n ciudadana establecidos en la Ley 1712 de 2014 y la Ley 1757 de 2015. Adem\u00e1s, debe dar acceso a la informaci\u00f3n p\u00fablica y garantizar la participaci\u00f3n efectiva de la ciudadan\u00eda, tal como lo estipula el Art\u00edculo 8 del Acuerdo de Escaz\u00fa.", "points": 1}, "S\u00ed - Avanzado": {"text": "Expanda las estrategias de control social, promoviendo la participaci\u00f3n activa y continua de la ciudadan\u00eda en la gesti\u00f3n ambiental, m\u00e1s alla de los procesos de rendici\u00f3n de cuenta, atrevase a implementar otro tipo de modalidades de control social como veedur\u00edas ciudadanas, las Juntas de vigilancia, los Comit\u00e9s de Desarrollo y Control Social de los Servicios P\u00fablicos Domiciliarios, las auditor\u00edas ciudadanas y las instancias de participaci\u00f3n ciudadana, revise articulos 63 y 65", "points": 3}, "S\u00ed - Intermedio": {"text": "Fortalezca los mecanismos de participaci\u00f3n ciudadana para el ejercicio del control social sobre la gesti\u00f3n ambiental, promoviendo un acceso amplio y transparente a la informaci\u00f3n. Esto debe alinearse con la la Ley 1757 de 2015, y el Art\u00edculo 7 del Acuerdo de Escaz\u00fa, garantizando que las decisiones y acciones ambientales sean sujetas a supervisi\u00f3n y rendici\u00f3n de cuentas por parte de la ciudadan\u00eda.", "points": 2}}'::json),
(32, 3, 'Tengo un canal formal exclusivo para recibir y atender solicitudes de información pública relacionadas con el control social ambiental', 'statement', 32, '{"No": {"text": "Establezca un canal formal de participaci\u00f3n que permita a la ciudadan\u00eda acceder a la informaci\u00f3n y expresar sus opiniones sobre la gesti\u00f3n ambiental, en cumplimiento con el Art. 8 de la Ley 1712 de 2014 y el Acuerdo de Escaz\u00fa. Este canal debe garantizar la accesibilidad y estar alineado con los principios de participaci\u00f3n activa y transparencia establecidos en la Ley 1757 de 2015. Adem\u00e1s, se debe asegurar un seguimiento adecuado y la implementaci\u00f3n de formatos accesibles para grupos vulnerables. Esto iniciar\u00e1 el fortalecimiento del control social ambiental.", "points": 0}, "No aplica": {"text": "Revise en la normatividad vigente si en realidad esto no le aplica a su entidad y en la siguiente casilla justifique su elecci\u00f3n con base en el criterio jur\u00eddico de su entidad.", "points": 0}, "S\u00ed - B\u00e1sico": {"text": "Fortalezca el canal existente haci\u00e9ndolo m\u00e1s visible y accesible, utilizando formatos comprensibles para todos los grupos (Art. 8 Ley 1712 de 2014), aline\u00e1ndolo con el Acuerdo de Escaz\u00fa (Arts. 5 y 6) para garantizar inclusi\u00f3n y participaci\u00f3n efectiva. Adem\u00e1s, es clave establecer protocolos claros de atenci\u00f3n y respuesta oportuna, promoviendo as\u00ed un ejercicio m\u00e1s robusto del control social ambiental.", "points": 1}, "S\u00ed - Avanzado": {"text": "Consolide el canal formal de participaci\u00f3n, garantizando su alineaci\u00f3n con los principios de la Ley 1757 de 2015 sobre participaci\u00f3n efectiva y acceso a la informaci\u00f3n. Este canal debe integrarse con los sistemas de gesti\u00f3n documental y cumplir con los criterios de accesibilidad establecidos en la Ley 1712 de 2014, as\u00ed como los principios del Acuerdo de Escaz\u00fa. Adem\u00e1s, se sugiere implementar plataformas tecnol\u00f3gicas para el seguimiento de solicitudes y generar retroalimentaci\u00f3n continua, optimizando el control social ambiental y asegurando la transparencia y eficiencia del proceso.", "points": 3}, "S\u00ed - Intermedio": {"text": "Mejore el canal formal garantizando su visibilidad y accesibilidad (Art. 8 Ley 1712 de 2014), facilitando el ejercicio efectivo del control social ambiental. Debe alinearse con el Acuerdo de Escaz\u00fa, asegurando informaci\u00f3n oportuna y comprensible. Es clave incluir mecanismos de retroalimentaci\u00f3n ciudadana. As\u00ed se fortalece la participaci\u00f3n y transparencia en la gesti\u00f3n ambiental.", "points": 2}}'::json),
(34, 3, 'Uso la información de la evaluación ciudadana de la rendición de cuentas para la mejora de mi gestión ambiental', 'statement', 34, '{"No": {"text": "Implemente de inmediato un mecanismo para recoger y utilizar la retroalimentaci\u00f3n ciudadana proveniente de la rendici\u00f3n de cuentas. La falta de este proceso limita la capacidad de la entidad para responder de manera efectiva a las preocupaciones y sugerencias de la ciudadan\u00eda, lo que afecta la transparencia y la legitimidad de las decisiones ambientales. Utilizar esta informaci\u00f3n para ajustar las pol\u00edticas y acciones ambientales fortalecer\u00e1 el compromiso con la gesti\u00f3n p\u00fablica y la participaci\u00f3n de la comunidad.", "points": 0}, "No aplica": {"text": "Revise en la normatividad vigente si en realidad esto no le aplica a su entidad y en la siguiente casilla justifique su elecci\u00f3n con base en el criterio jur\u00eddico de su entidad.", "points": 0}, "S\u00ed - B\u00e1sico": {"text": "Utilice la informaci\u00f3n obtenida de la evaluaci\u00f3n ciudadana en el proceso de rendici\u00f3n de cuentas para identificar \u00e1reas de mejora en la gesti\u00f3n ambiental. Es importante estructurar un sistema sencillo que permita recopilar y organizar los comentarios y sugerencias de la ciudadan\u00eda. Esta retroalimentaci\u00f3n debe ser tomada en cuenta para ajustar de manera progresiva las pol\u00edticas y acciones ambientales de la entidad.", "points": 1}, "S\u00ed - Avanzado": {"text": "Integre un sistema formal y sistem\u00e1tico para el uso de la informaci\u00f3n obtenida de la evaluaci\u00f3n ciudadana en la rendici\u00f3n de cuentas, asegurando que esta retroalimentaci\u00f3n se utilice para la mejora continua de la gesti\u00f3n ambiental. La entidad debe implementar herramientas tecnol\u00f3gicas para analizar la informaci\u00f3n y priorizar \u00e1reas de mejora, ajustando las pol\u00edticas y estrategias ambientales de manera \u00e1gil. Adem\u00e1s, se debe garantizar la transparencia en c\u00f3mo se incorporan estas sugerencias y se comunican los cambios realizados a la ciudadan\u00eda.", "points": 3}, "S\u00ed - Intermedio": {"text": "Formalice el proceso de retroalimentaci\u00f3n ciudadana tras la rendici\u00f3n de cuentas, utilizando la informaci\u00f3n obtenida para realizar ajustes estrat\u00e9gicos en la gesti\u00f3n ambiental. Se sugiere establecer mecanismos claros para incorporar las sugerencias y cr\u00edticas en la planificaci\u00f3n y ejecuci\u00f3n de proyectos ambientales, mejorando la transparencia y eficiencia. Esto debe ser acompa\u00f1ado de un seguimiento para asegurar que las acciones de mejora sean implementadas efectivamente.", "points": 2}}'::json),
(35, 3, 'Diseño diálogos de rendición de cuentas para la toma de desiciones ambientales', 'statement', 35, '{"No": {"text": "Debe iniciar el dise\u00f1o de los di\u00e1logos de rendici\u00f3n de cuentas, asegurando su alineaci\u00f3n con la Ley 1712 de 2014, el Acuerdo de Escaz\u00fa y la Ley 1757 de 2015. Estos di\u00e1logos deben ser estructurados de manera accesible, utilizando tecnolog\u00edas inclusivas y garantizando que los resultados se utilicen para ajustar las decisiones ambientales. Es esencial establecer un proceso continuo de participaci\u00f3n ciudadana para mejorar la transparencia y la toma de decisiones.", "points": 0}, "No aplica": {"text": "Revise en la normatividad vigente si en realidad esto no le aplica a su entidad y en la siguiente casilla justifique su elecci\u00f3n con base en el criterio jur\u00eddico de su entidad.", "points": 0}, "S\u00ed - B\u00e1sico": {"text": "Fortalezca los di\u00e1logos de rendici\u00f3n de cuentas alineados con la Ley 1712 de 2014 y el Acuerdo de Escaz\u00fa, asegurando que sean m\u00e1s accesibles y utilizados para ajustar las decisiones ambientales. Adem\u00e1s, debe garantizar la participaci\u00f3n ciudadana conforme al art\u00edculo 8 de la Ley 1757 de 2015, promoviendo la transparencia y el acceso a la informaci\u00f3n.", "points": 1}, "S\u00ed - Avanzado": {"text": "Optimice los di\u00e1logos de rendici\u00f3n de cuentas, aline\u00e1ndolos de manera integral con la Ley 1712 de 2014, el Acuerdo de Escaz\u00fa y la Ley 1757 de 2015, asegurando que no solo se d\u00e9 acceso a la informaci\u00f3n, sino que los resultados sean utilizados para ajustar pol\u00edticas ambientales. Adem\u00e1s, debe aplicar herramientas tecnol\u00f3gicas avanzadas que permitan la inclusi\u00f3n de diversas poblaciones y proporcionar espacios de retroalimentaci\u00f3n continua para mejorar la toma de decisiones.", "points": 3}, "S\u00ed - Intermedio": {"text": "Fortalezca los di\u00e1logos de rendici\u00f3n de cuentas, garantizando su accesibilidad y aline\u00e1ndolos con la Ley 1712 de 2014 y el Acuerdo de Escaz\u00fa, para asegurar una participaci\u00f3n ciudadana efectiva. Asimismo, debe asegurarse de que los resultados de estos di\u00e1logos se utilicen en la toma de decisiones ambientales, conforme al art\u00edculo 8 de la Ley 1757 de 2015, promoviendo una gesti\u00f3n m\u00e1s transparente y responsable.", "points": 2}}'::json),
(36, 3, 'Describa las principales fortalezas de su entidad en materia de transparencia, participación y evaluación ambiental', 'open', 36, '{"general": {"text": "Sistematice y documente las fortalezas identificadas como buenas pr\u00e1cticas institucionales. Utilice esta informaci\u00f3n para fortalecer los procesos existentes y compartir experiencias con otras entidades del territorio.", "points": 0}}'::json),
(37, 3, 'Identifique los principales retos y oportunidades de mejora en la implementación de los derechos de acceso en asuntos ambientales', 'open', 37, '{"general": {"text": "Elabore un plan de mejoramiento institucional basado en los retos identificados, estableciendo metas, responsables y cronogramas espec\u00edficos para avanzar en la implementaci\u00f3n efectiva de los derechos de acceso en asuntos ambientales.", "points": 0}}'::json),
(12, 2, 'Informo a mi ciudadanía de manera trimestral sobre su derecho al acceso de la información ambiental (por medios físicos, remotos y locales de comunicación)', 'statement', 12, '{"No": {"text": "Profundizar la evaluaci\u00f3n de impacto con indicadores cualitativos y cuantitativos, y replicar la estrategia en otros territorios o entidades como buena pr\u00e1ctica institucional, promoviendo su adaptaci\u00f3n a contextos diversos.", "points": 0}, "No aplica": {"text": "Revise en la normatividad vigente si en realidad esto no le aplica a su entidad y en la siguiente casilla justifique su elecci\u00f3n con base en el criterio jur\u00eddico de su entidad.", "points": 0}, "S\u00ed - B\u00e1sico": {"text": "Dise\u00f1ar un plan b\u00e1sico de divulgaci\u00f3n trimestral que defina responsables, medios disponibles (como carteleras, boletines o redes sociales) y un cronograma m\u00ednimo para iniciar la comunicaci\u00f3n regular sobre el derecho al acceso a la informaci\u00f3n ambiental.", "points": 1}, "S\u00ed - Avanzado": {"text": "Implementar mecanismos de retroalimentaci\u00f3n ciudadana para verificar la comprensi\u00f3n y utilidad de la informaci\u00f3n difundida, e incorporar ajustes basados en estos insumos para mejorar la efectividad de la estrategia.", "points": 3}, "S\u00ed - Intermedio": {"text": "Fortalecer la estrategia mediante la estandarizaci\u00f3n y calendarizaci\u00f3n de las acciones de comunicaci\u00f3n, asegurando que la informaci\u00f3n llegue de forma constante a diferentes grupos poblacionales mediante una combinaci\u00f3n de medios f\u00edsicos y digitales.", "points": 2}}'::json),
(14, 2, 'Garantizo la divulgación inmediata de información en caso de una amenaza inminente a la salud pública o al medio ambiente', 'statement', 14, '{"No": {"text": "Se recomienda establecer un protocolo para la divulgaci\u00f3n inmediata de informaci\u00f3n ante una amenaza inminente a la salud p\u00fablica o al ambiente, en cumplimiento del principio de precauci\u00f3n, el art\u00edculo 8 de la Ley 99 de 1993 y los compromisos del art\u00edculo 6 del Acuerdo de Escaz\u00fa. Este protocolo puede incluir la activaci\u00f3n de alertas tempranas a trav\u00e9s de medios comunitarios, redes sociales institucionales, mensajes de texto masivos, radios locales y carteleras f\u00edsicas en zonas afectadas. Tambi\u00e9n es clave capacitar al personal responsable y articularse con los comit\u00e9s de gesti\u00f3n del riesgo y autoridades ambientales para asegurar una respuesta r\u00e1pida, coordinada y efectiva.", "points": 0}, "No aplica": {"text": "Revisar competencias teniendo en cuenta la Ley 99 de 1993 y los compromisos del art\u00edculo 6 del Acuerdo de Escaz\u00fa.", "points": 0}, "S\u00ed - B\u00e1sico": {"text": "Dise\u00f1ar e implementar un protocolo b\u00e1sico de divulgaci\u00f3n de informaci\u00f3n para emergencias ambientales, definiendo roles institucionales, canales de comunicaci\u00f3n y tiempos de respuesta.", "points": 1}, "S\u00ed - Avanzado": {"text": "Fortalecer la divulgaci\u00f3n mediante capacitaci\u00f3n continua del personal y retroalimentaci\u00f3n de la ciudadan\u00eda para mejorar los mensajes y canales utilizados.", "points": 3}, "S\u00ed - Intermedio": {"text": "Establecer un comit\u00e9 interinstitucional de respuesta r\u00e1pida para coordinar acciones de divulgaci\u00f3n inmediata, reduciendo tiempos y evitando duplicidades de informaci\u00f3n.", "points": 2}}'::json),
(15, 2, 'Mi entidad usa y carga información de los sistemas de información ambiental (VITAL, SIAC, RUA)', 'statement', 15, '{"No": {"text": "Se recomienda fortalecer el uso y la actualizaci\u00f3n oportuna de los sistemas de informaci\u00f3n ambiental como VITAL, SIAC y RUA, asegurando la carga regular de datos conforme a la normativa vigente. Esto mejora la gesti\u00f3n ambiental, facilita la toma de decisiones basada en evidencia y contribuye al cumplimiento de los principios de transparencia y acceso a la informaci\u00f3n establecidos en el Acuerdo de Escaz\u00fa. Adem\u00e1s, se sugiere capacitar al personal t\u00e9cnico y designar responsables para garantizar el funcionamiento continuo de estos sistemas.", "points": 0}, "No aplica": {"text": "Revise en la normatividad vigente si en realidad esto no le aplica a su entidad y en la siguiente casilla justifique su elecci\u00f3n con base en el criterio jur\u00eddico de su entidad.", "points": 0}, "S\u00ed - B\u00e1sico": {"text": "Realizar una jornada de sensibilizaci\u00f3n y capacitaci\u00f3n sobre el funcionamiento y la importancia de los sistemas VITAL, SIAC y RUA, dirigida a los equipos t\u00e9cnicos y administrativos. Esto ayudar\u00e1 a reconocer los sistemas y su relevancia institucional.", "points": 1}, "S\u00ed - Avanzado": {"text": "Revisar y actualizar los procedimientos internos para mejorar la calidad de los datos cargados, asegurando la retroalimentaci\u00f3n con los equipos t\u00e9cnicos y fortaleciendo la rendici\u00f3n de cuentas sobre los reportes generados.", "points": 3}, "S\u00ed - Intermedio": {"text": "Establecer un cronograma institucional con responsables definidos para la carga peri\u00f3dica de informaci\u00f3n, e implementar un protocolo b\u00e1sico de validaci\u00f3n de datos antes del env\u00edo.", "points": 2}}'::json),
(19, 2, 'Tengo una estrategia dirigida a privados, presentes en mi territorio, para que publiquen información ambiental', 'statement', 19, '{"No": {"text": "Se recomienda desarrollar una estrategia dirigida a los actores privados presentes en el territorio, con el fin de promover la publicaci\u00f3n de informaci\u00f3n ambiental relevante. Esto puede incluir la creaci\u00f3n de alianzas con empresas, asociaciones y organizaciones locales, brindando orientaci\u00f3n sobre la importancia de la transparencia ambiental y c\u00f3mo cumplir con las normativas vigentes. Adem\u00e1s, se pueden establecer incentivos o compromisos voluntarios para la divulgaci\u00f3n de datos sobre sus impactos y medidas de mitigaci\u00f3n, contribuyendo as\u00ed a la transparencia y fortaleciendo el cumplimiento del art\u00edculo 6 del Acuerdo de Escaz\u00fa y la Ley 1712 de 2014 (Ley de Transparencia).", "points": 0}, "No aplica": {"text": "Revise en la normatividad vigente si en realidad esto no le aplica a su entidad y en la siguiente casilla justifique su elecci\u00f3n con base en el criterio jur\u00eddico de su entidad.", "points": 0}, "S\u00ed - B\u00e1sico": {"text": "Realizar un diagn\u00f3stico r\u00e1pido para identificar actores privados relevantes en el territorio y definir posibles temas ambientales sobre los cuales podr\u00edan compartir informaci\u00f3n. Esto servir\u00e1 como base para formular una estrategia inicial.", "points": 1}, "S\u00ed - Avanzado": {"text": "Revisar y actualizar la estrategia institucional para incluir mecanismos de evaluaci\u00f3n del impacto de la publicaci\u00f3n de informaci\u00f3n ambiental por privados, y fortalece la capacidad del equipo t\u00e9cnico para su implementaci\u00f3n.", "points": 3}, "S\u00ed - Intermedio": {"text": "Formalizar los lineamientos existentes en un documento gu\u00eda o protocolo interno que oriente c\u00f3mo involucrar a privados en la publicaci\u00f3n de informaci\u00f3n ambiental, y realiza al menos una acci\u00f3n piloto.", "points": 2}}'::json),
(21, 3, 'Tengo participación ciudadana abierta e inclusiva en las decisiones ambientales de manera transparente y teniendo en cuenta sus necesidades', 'statement', 21, '{"No": {"text": "Inicie la implementaci\u00f3n de espacios b\u00e1sicos de participaci\u00f3n, en coherencia con lo establecido por el Acuerdo de Escaz\u00fa y La Ley 1757 de 2015 (Ley de Participaci\u00f3n). Estos espacios deben permitir a la ciudadan\u00eda expresar sus necesidades y acceder de manera transparente a la toma de decisiones ambientales.", "points": 0}, "No aplica": {"text": "Revise en la normatividad vigente si en realidad esto no le aplica a su entidad y en la siguiente casilla justifique su elecci\u00f3n con base en el criterio jur\u00eddico de su entidad.", "points": 0}, "S\u00ed - B\u00e1sico": {"text": "Defina y Fortalezca los espacios existentes para garantizar mayor inclusi\u00f3n, representatividad y acceso equitativo a la informaci\u00f3n. La participaci\u00f3n debe ser promovida activamente entre actores diversos del territorio, en cumplimiento de los principios de transparencia y no discriminaci\u00f3n del Acuerdo de Escaz\u00fa y la La Ley 1757 de 2015 (Ley de Participaci\u00f3n).", "points": 1}, "S\u00ed - Avanzado": {"text": "A\u00f1ada nuevas estrategias de participaci\u00f3n, asegurando que sean incidentes en las decisiones ambientales y cuenten con enfoques diferenciales alineadas con el Acuerdo de Escaz\u00fa y La Ley 1757 de 2015 (Ley de Participaci\u00f3n).", "points": 3}, "S\u00ed - Intermedio": {"text": "Proponga mecanismos estructurados de retroalimentaci\u00f3n, trazabilidad de aportes ciudadanos y estrategias de comunicaci\u00f3n clara y accesible. Esto contribuye a una toma de decisiones ambientales m\u00e1s leg\u00edtima y alineada conel Acuerdo de Escaz\u00fa y La Ley 1757 de 2015 (Ley de Participaci\u00f3n).", "points": 2}}'::json),
(23, 3, 'Informo oportunamente a la ciudadanía sobre los detalles de la participación en los procesos de toma de decisiones ambientales (por medios físicos, remotos y locales de comunicación)', 'statement', 23, '{"No": {"text": "Establezca canales b\u00e1sicos de comunicaci\u00f3n que aseguren el acceso oportuno y claro a la informaci\u00f3n sobre procesos de participaci\u00f3n, conforme al principio de acceso a la informaci\u00f3n del Acuerdo de Escaz\u00fa y las disposiciones de la Ley 1712 de 2014 (Ley de Transparencia).", "points": 0}, "No aplica": {"text": "Revise en la normatividad vigente si en realidad esto no le aplica a su entidad y en la siguiente casilla justifique su elecci\u00f3n con base en el criterio jur\u00eddico de su entidad.", "points": 0}, "S\u00ed - B\u00e1sico": {"text": "Diversifique los medios de informaci\u00f3n utilizados, incluyendo formatos f\u00edsicos, digitales y comunitarios, para establecer una estrategia de difusi\u00f3n oportuna, clara y accesible que permita a diferentes p\u00fablicos conocer y acceder a los espacios de participaci\u00f3n. conforme al principio de acceso a la informaci\u00f3n del Acuerdo de Escaz\u00fa y las disposiciones de la Ley 1712 de 2014 (Ley de Transparencia).", "points": 1}, "S\u00ed - Avanzado": {"text": "Continue con la evaluaci\u00f3n peri\u00f3dica y la mejora continua de este sistema, garantizando su accesibilidad, pertinencia y adaptaci\u00f3n a las necesidades de la ciudadan\u00eda, cumpliendo plenamente con los principios del Acuerdo de Escaz\u00fa y y las disposiciones de la Ley 1712 de 2014 (Ley de Transparencia).", "points": 3}, "S\u00ed - Intermedio": {"text": "Fortalezca la estrategia de comunicaci\u00f3n para asegurar que toda la ciudadan\u00eda reciba informaci\u00f3n clara, en lenguaje accesible, con enfoque territorial y en tiempos adecuados. Esta pr\u00e1ctica contribuye al ejercicio efectivo del derecho a participar y al cumplimiento del Acuerdo de Escaz\u00fa y las disposiciones de la Ley 1712 de 2014 (Ley de Transparencia).", "points": 2}}'::json),
(25, 3, 'Informo oportunamente a los grupos directamente afectados sobre su derecho a participar en los proyectos de impacto ambiental', 'statement', 25, '{"No": {"text": "establezca mecanismos b\u00e1sicos para informar a los grupos directamente afectados sobre su derecho a participar en los proyectos de impacto ambiental. Esta informaci\u00f3n debe ser clara, accesible y proporcionada en momentos clave del proceso decisional, conforme al principio de acceso a la informaci\u00f3n del Acuerdo de Escaz\u00fa y La Ley 1757 de 2015 (Ley de Participaci\u00f3n).", "points": 0}, "No aplica": {"text": "Revise en la normatividad vigente si en realidad esto no le aplica a su entidad y en la siguiente casilla justifique su elecci\u00f3n con base en el criterio jur\u00eddico de su entidad.", "points": 0}, "S\u00ed - B\u00e1sico": {"text": "Mejore la difusi\u00f3n de la informaci\u00f3n, asegurando que todos los grupos directamente afectados conozcan de manera oportuna sus derechos de participaci\u00f3n. La informaci\u00f3n debe ser comunicada a trav\u00e9s de canales adecuados y accesibles, cumpliendo con los principios de equidad y transparencia establecidos en el Acuerdo de Escaz\u00fa y La Ley 1757 de 2015 (Ley de Participaci\u00f3n).", "points": 1}, "S\u00ed - Avanzado": {"text": "Continue consolidando estos procesos, promoviendo su sostenibilidad y evaluando continuamente la efectividad de los canales utilizados, para garantizar una participaci\u00f3n inclusiva y alineada con los principios del Acuerdo de Escaz\u00fa y La Ley 1757 de 2015 (Ley de Participaci\u00f3n).", "points": 3}, "S\u00ed - Intermedio": {"text": "Fortalezca los canales de comunicaci\u00f3n para asegurar que todos los grupos afectados reciban la informaci\u00f3n de manera clara, comprensible y accesible. Adem\u00e1s, se debe garantizar que la informaci\u00f3n llegue con suficiente antelaci\u00f3n, permitiendo la participaci\u00f3n informada en todas las etapas del proceso, como establece el Acuerdo de Escaz\u00fa y La Ley 1757 de 2015 (Ley de Participaci\u00f3n).", "points": 2}}'::json),
(27, 3, 'Informo oportunamente a la ciudadanía sobre la decisión ambiental final y los motivos que la sustentan', 'statement', 27, '{"No": {"text": "Revise la normativa vigente relacionada con el acceso a la informaci\u00f3n p\u00fablica, en especial la Ley 1712 de 2014, conocida como la Ley de Transparencia y del Derecho de Acceso a la Informaci\u00f3n P\u00fablica Nacional. En caso de que la entidad o territorio pertenezca a la Regi\u00f3n Metropolitana Bogot\u00e1-Cundinamarca, tambi\u00e9n debe considerarse la Ley 2199 de 2022, que establece disposiciones espec\u00edficas sobre gobernanza regional y acceso a la informaci\u00f3n. Adem\u00e1s, dado que Colombia es signataria y ha ratificado el Acuerdo de Escaz\u00fa, se debe cumplir con lo establecido en su articulado, que garantiza el derecho de acceso a la informaci\u00f3n, la participaci\u00f3n p\u00fablica y el acceso a la justicia en asuntos ambientales.", "points": 0}, "No aplica": {"text": "Revise en la normatividad vigente si en realidad esto no le aplica a su entidad y en la siguiente casilla justifique su elecci\u00f3n con base en el criterio jur\u00eddico de su entidad.", "points": 0}, "S\u00ed - B\u00e1sico": {"text": "Mejore la forma en que se informa a la ciudadan\u00eda sobre las decisiones ambientales, pasando de una comunicaci\u00f3n b\u00e1sica a una m\u00e1s clara, accesible y detallada. Es importante explicar no solo la decisi\u00f3n, sino tambi\u00e9n sus fundamentos t\u00e9cnicos y jur\u00eddicos. Adem\u00e1s, se deben usar canales efectivos y comprensibles para todos los p\u00fablicos. Esto refuerza el cumplimiento de la Ley 1712 de 2014 y del Acuerdo de Escaz\u00fa. Una comunicaci\u00f3n m\u00e1s completa fortalece la transparencia y la participaci\u00f3n ciudadana.", "points": 1}, "S\u00ed - Avanzado": {"text": "Podr\u00eda en caso de no tenerlo elaborar una estrategia de comunicaci\u00f3n clara y multiformato que facilite la comprensi\u00f3n de las decisiones ambientales y sus fundamentos. En donde ademas se incluyan mecanismos de retroalimentaci\u00f3n ciudadana y evaluaci\u00f3n del impacto informativo. Esto refuerza el cumplimiento normativo y promueve una participaci\u00f3n ambiental efectiva. Lo que podr\u00eda posiicionar a la entidad como referente en transparencia y participaci\u00f3n ambiental efectiva.", "points": 3}, "S\u00ed - Intermedio": {"text": "Avance hacia un nivel m\u00e1s s\u00f3lido de divulgaci\u00f3n de las decisiones ambientales, complementando la informaci\u00f3n b\u00e1sica con explicaciones m\u00e1s claras y detalladas sobre los fundamentos t\u00e9cnicos, jur\u00eddicos y ambientales que las sustentan. Tambi\u00e9n se recomienda emplear formatos accesibles y canales efectivos para llegar a diversos p\u00fablicos. Esto permite fortalecer la transparencia institucional y dar cumplimiento a lo establecido en la Ley 1712 de 2014 y el Acuerdo de Escaz\u00fa, promoviendo una participaci\u00f3n ciudadana m\u00e1s informada y significativa.", "points": 2}}'::json),
(29, 3, 'Tengo criterios claros para criterios determinar qué personas o comunidades están directamente afectados por un proyecto o decisión ambiental', 'statement', 29, '{"No": {"text": "Defina criterios claros, p\u00fablicos y participativos para identificar a las personas o comunidades directamente afectadas, conforme al Art\u00edculo 5, 6 y 7 del Acuerdo de Escaz\u00fa. Esto permitir\u00e1 garantizar la participaci\u00f3n desde las primeras etapas del proceso, como lo exige la Ley 1757 de 2015, y asegurar el acceso a informaci\u00f3n relevante de acuerdo con la Ley 1712 de 2014, promoviendo transparencia y equidad en la gesti\u00f3n ambiental.", "points": 0}, "No aplica": {"text": "Revise en la normatividad vigente si en realidad esto no le aplica a su entidad y en la siguiente casilla justifique su elecci\u00f3n con base en el criterio jur\u00eddico de su entidad.", "points": 0}, "S\u00ed - B\u00e1sico": {"text": "Inicie la definici\u00f3n de criterios objetivos y p\u00fablicos para identificar a las personas o comunidades directamente afectadas por decisiones ambientales, conforme al Art\u00edculo 5 y 6 del Acuerdo de Escaz\u00fa, que exige garantizar la participaci\u00f3n desde etapas tempranas. Esto debe complementarse con mecanismos b\u00e1sicos de consulta y acceso a la informaci\u00f3n, en l\u00ednea con la Ley 1712 de 2014 y la Ley 1757 de 2015.", "points": 1}, "S\u00ed - Avanzado": {"text": "Podria profundizar en la transparencia y trazabilidad de los procesos de identificaci\u00f3n de comunidades afectadas, haciendo p\u00fablicos los criterios y resultados, con validaci\u00f3n social y t\u00e9cnica. Conforme al Art\u00edculo 7 del Acuerdo de Escaz\u00fa, esto debe ir acompa\u00f1ado de una participaci\u00f3n informada, oportuna y continua, garantizando derechos diferenciales y fortaleciendo la confianza en la gesti\u00f3n ambiental.", "points": 3}, "S\u00ed - Intermedio": {"text": "Fortalezca y sistematice los criterios existentes, asegurando que sean aplicados de forma coherente, inclusiva y con enfoque territorial y diferencial, en cumplimiento del Art\u00edculo 5 y 6 del Acuerdo de Escaz\u00fa. Adem\u00e1s, se sugiere garantizar que los grupos identificados tengan acceso oportuno a informaci\u00f3n p\u00fablica, seg\u00fan Ley 1712 de 2014 y espacios de participaci\u00f3n efectiva, seg\u00fan Ley 1757 de 2015.", "points": 2}}'::json),
(33, 3, 'Diseño y ejecuto la audiencia de rendición de cuentas de mi entidad con el objetivo de que ciudadanía de mi territorio evalúe mi gestión ambiental y los resultados de la toma de decisiones ambientales', 'statement', 33, '{"No": {"text": "Dise\u00f1e e implemente un proceso formal de rendici\u00f3n de cuentas en el que la ciudadan\u00eda pueda evaluar la gesti\u00f3n ambiental de la entidad, de acuerdo con lo dispuesto en el Art. 8 de la Ley 1712 de 2014 y los principios de transparencia y participaci\u00f3n activa establecidos en la Ley 1757 de 2015. Este proceso debe garantizar que la informaci\u00f3n presentada sea clara, accesible y comprensible, especialmente para grupos vulnerables, y debe alinearse con los lineamientos del Acuerdo de Escaz\u00fa. Establecer un sistema de retroalimentaci\u00f3n ayudar\u00e1 a fortalecer la confianza y mejorar la toma de decisiones ambientales.", "points": 0}, "No aplica": {"text": "Revise en la normatividad vigente si en realidad esto no le aplica a su entidad y en la siguiente casilla justifique su elecci\u00f3n con base en el criterio jur\u00eddico de su entidad.", "points": 0}, "S\u00ed - B\u00e1sico": {"text": "Establezca un proceso formal de rendici\u00f3n de cuentas donde la ciudadan\u00eda pueda evaluar la gesti\u00f3n ambiental de la entidad, siguiendo lo establecido en la Ley 1712 de 2014 y los principios de participaci\u00f3n de la Ley 1757 de 2015. La audiencia debe garantizar que la informaci\u00f3n presentada sea clara, accesible y comprensible para todos los ciudadanos. Adem\u00e1s, se sugiere ofrecer espacios para que la comunidad pueda hacer preguntas y recibir respuestas de manera efectiva.", "points": 1}, "S\u00ed - Avanzado": {"text": "Fortalezca el proceso de rendici\u00f3n de cuentas alineado con los principios de transparencia, participaci\u00f3n activa y acceso a la informaci\u00f3n de la Ley 1757 de 2015, la Ley 1712 de 2014 y el Acuerdo de Escaz\u00fa. Este proceso debe integrar tecnolog\u00edas accesibles para facilitar la participaci\u00f3n ciudadana y garantizar la accesibilidad de la informaci\u00f3n. Adem\u00e1s, se sugiere iniciar la implementaci\u00f3n gradual de herramientas b\u00e1sicas de an\u00e1lisis de datos para evaluar la retroalimentaci\u00f3n recibida y mejorar la toma de decisiones ambientales, adapt\u00e1ndose a los recursos disponibles.", "points": 3}, "S\u00ed - Intermedio": {"text": "Formalice y estructure un proceso de rendici\u00f3n de cuentas que permita a la ciudadan\u00eda evaluar la gesti\u00f3n ambiental, en l\u00ednea con los principios de transparencia y participaci\u00f3n activa establecidos en la Ley 1757 de 2015 y la Ley 1712 de 2014. La audiencia debe ser inclusiva, garantizando accesibilidad y formatos comprensibles para todos los grupos, especialmente los vulnerables, tal como lo exige el Acuerdo de Escaz\u00fa. Asimismo, se debe incluir un mecanismo de retroalimentaci\u00f3n que permita la mejora continua en la toma de decisiones ambientales.", "points": 2}}'::json);

-- No data for table: response_options

-- Data for table: responses
-- 851 rows
INSERT INTO responses (id, user_id, question_id, response_option_id, open_response, justification) VALUES
(1, 2, 1, 1, NULL, 'sassasasaas'),
(2, 2, 2, 2, NULL, 'asssaas'),
(3, 2, 3, 3, NULL, NULL),
(4, 2, 4, 3, NULL, NULL),
(5, 2, 5, 3, NULL, NULL),
(6, 2, 6, 3, NULL, NULL),
(7, 2, 7, 3, NULL, NULL),
(8, 2, 8, 3, NULL, NULL),
(9, 2, 9, 3, NULL, NULL),
(10, 2, 10, 3, NULL, NULL),
(11, 2, 11, 3, NULL, NULL),
(12, 2, 12, 3, NULL, NULL),
(13, 2, 13, 3, NULL, NULL),
(14, 2, 14, 3, NULL, NULL),
(15, 2, 15, 3, NULL, NULL),
(16, 2, 16, 3, NULL, NULL),
(17, 2, 17, 3, NULL, NULL),
(18, 2, 18, 3, NULL, NULL),
(19, 2, 19, 3, NULL, NULL),
(20, 2, 20, 3, NULL, NULL),
(21, 2, 21, 3, NULL, NULL),
(22, 2, 22, 3, NULL, NULL),
(23, 2, 23, 3, NULL, NULL),
(24, 2, 24, 3, NULL, NULL),
(25, 2, 25, 3, NULL, NULL),
(26, 2, 26, 3, NULL, NULL),
(27, 2, 27, 3, NULL, NULL),
(28, 2, 28, 3, NULL, NULL),
(29, 2, 29, 3, NULL, NULL),
(30, 2, 30, 3, NULL, NULL),
(31, 2, 31, 3, NULL, NULL),
(32, 2, 32, 3, NULL, NULL),
(33, 2, 33, 3, NULL, NULL),
(34, 2, 34, 3, NULL, NULL),
(35, 2, 35, 3, NULL, NULL),
(36, 2, 36, NULL, ' sss', NULL),
(37, 2, 37, NULL, 'dsdss', NULL),
(38, 3, 1, NULL, 'No', 'xcxccxcx'),
(39, 3, 2, NULL, 'No aplica', 'xccxxcxc'),
(40, 3, 3, NULL, 'Sí - Básico', NULL),
(41, 3, 4, NULL, 'Sí - Básico', NULL),
(42, 3, 5, NULL, 'Sí - Básico', NULL),
(43, 3, 6, NULL, 'Sí - Básico', NULL),
(44, 3, 7, NULL, 'Sí - Básico', NULL),
(45, 3, 8, NULL, 'Sí - Básico', NULL),
(46, 3, 9, NULL, 'Sí - Básico', NULL),
(47, 3, 10, NULL, 'Sí - Básico', NULL),
(48, 3, 11, NULL, 'Sí - Básico', NULL),
(49, 3, 12, NULL, 'Sí - Básico', NULL),
(50, 3, 13, NULL, 'Sí - Básico', NULL),
(51, 3, 14, NULL, 'Sí - Básico', NULL),
(52, 3, 15, NULL, 'Sí - Básico', NULL),
(53, 3, 16, NULL, 'Sí - Básico', NULL),
(54, 3, 17, NULL, 'Sí - Básico', NULL),
(55, 3, 18, NULL, 'Sí - Básico', NULL),
(56, 3, 19, NULL, 'Sí - Básico', NULL),
(57, 3, 20, NULL, 'Sí - Básico', NULL),
(58, 3, 21, NULL, 'Sí - Básico', NULL),
(59, 3, 22, NULL, 'Sí - Básico', NULL),
(60, 3, 23, NULL, 'Sí - Básico', NULL),
(61, 3, 24, NULL, 'Sí - Básico', NULL),
(62, 3, 25, NULL, 'Sí - Básico', NULL),
(63, 3, 26, NULL, 'Sí - Básico', NULL),
(64, 3, 27, NULL, 'Sí - Básico', NULL),
(65, 3, 28, NULL, 'Sí - Básico', NULL),
(66, 3, 29, NULL, 'Sí - Básico', NULL),
(67, 3, 30, NULL, 'Sí - Básico', NULL),
(68, 3, 31, NULL, 'Sí - Básico', NULL),
(69, 3, 32, NULL, 'Sí - Básico', NULL),
(70, 3, 33, NULL, 'Sí - Básico', NULL),
(71, 3, 34, NULL, 'Sí - Básico', NULL),
(72, 3, 35, NULL, 'Sí - Básico', NULL),
(73, 3, 36, NULL, 'ddds', NULL),
(74, 3, 37, NULL, 'ddqwww', NULL),
(75, 4, 1, NULL, 'No', 'sdas dssa'),
(76, 4, 2, NULL, 'No aplica', 'das sd saas'),
(77, 4, 3, NULL, 'Sí - Básico', NULL),
(78, 4, 4, NULL, 'Sí - Avanzado', NULL),
(79, 4, 5, NULL, 'Sí - Intermedio', NULL),
(80, 4, 6, NULL, 'Sí - Intermedio', NULL),
(81, 4, 7, NULL, 'Sí - Intermedio', NULL),
(82, 4, 8, NULL, 'Sí - Intermedio', NULL),
(83, 4, 9, NULL, 'Sí - Intermedio', NULL),
(84, 4, 10, NULL, 'Sí - Intermedio', NULL),
(85, 4, 11, NULL, 'Sí - Intermedio', NULL),
(86, 4, 12, NULL, 'Sí - Intermedio', NULL),
(87, 4, 13, NULL, 'Sí - Intermedio', NULL),
(88, 4, 14, NULL, 'Sí - Intermedio', NULL),
(89, 4, 15, NULL, 'Sí - Intermedio', NULL),
(90, 4, 16, NULL, 'Sí - Intermedio', NULL),
(91, 4, 17, NULL, 'Sí - Intermedio', NULL),
(92, 4, 18, NULL, 'Sí - Intermedio', NULL),
(93, 4, 19, NULL, 'Sí - Intermedio', NULL),
(94, 4, 20, NULL, 'Sí - Intermedio', NULL),
(95, 4, 21, NULL, 'Sí - Intermedio', NULL),
(96, 4, 22, NULL, 'Sí - Avanzado', NULL),
(97, 4, 23, NULL, 'Sí - Básico', NULL),
(98, 4, 24, NULL, 'Sí - Intermedio', NULL),
(99, 4, 25, NULL, 'Sí - Básico', NULL),
(100, 4, 26, NULL, 'Sí - Intermedio', NULL),
(101, 4, 27, NULL, 'Sí - Avanzado', NULL),
(102, 4, 28, NULL, 'Sí - Básico', NULL),
(103, 4, 29, NULL, 'Sí - Avanzado', NULL),
(104, 4, 30, NULL, 'Sí - Avanzado', NULL),
(105, 4, 31, NULL, 'Sí - Avanzado', NULL),
(106, 4, 32, NULL, 'Sí - Avanzado', NULL),
(107, 4, 33, NULL, 'Sí - Avanzado', NULL),
(108, 4, 34, NULL, 'Sí - Avanzado', NULL),
(109, 4, 35, NULL, 'Sí - Avanzado', NULL),
(110, 4, 36, NULL, 'ddsdssdasww wq w q ', NULL),
(111, 4, 37, NULL, 'ffdfdccx', NULL),
(112, 5, 1, NULL, 'Sí - Básico', NULL),
(113, 5, 2, NULL, 'Sí - Básico', NULL),
(114, 5, 3, NULL, 'Sí - Básico', NULL),
(115, 5, 4, NULL, 'Sí - Básico', NULL),
(116, 5, 5, NULL, 'Sí - Básico', NULL),
(117, 5, 6, NULL, 'Sí - Básico', NULL),
(118, 5, 7, NULL, 'Sí - Básico', NULL),
(119, 5, 8, NULL, 'Sí - Básico', NULL),
(120, 5, 9, NULL, 'Sí - Básico', NULL),
(121, 5, 10, NULL, 'Sí - Básico', NULL),
(122, 5, 11, NULL, 'Sí - Básico', NULL),
(123, 5, 12, NULL, 'Sí - Básico', NULL),
(124, 5, 13, NULL, 'Sí - Básico', NULL),
(125, 5, 14, NULL, 'Sí - Básico', NULL),
(126, 5, 15, NULL, 'Sí - Básico', NULL),
(127, 5, 16, NULL, 'Sí - Básico', NULL),
(128, 5, 17, NULL, 'Sí - Básico', NULL),
(129, 5, 18, NULL, 'Sí - Básico', NULL),
(130, 5, 19, NULL, 'Sí - Básico', NULL),
(131, 5, 20, NULL, 'Sí - Básico', NULL),
(132, 5, 21, NULL, 'Sí - Básico', NULL),
(133, 5, 22, NULL, 'Sí - Básico', NULL),
(134, 5, 23, NULL, 'Sí - Básico', NULL),
(135, 5, 24, NULL, 'Sí - Básico', NULL),
(136, 5, 25, NULL, 'Sí - Básico', NULL),
(137, 5, 26, NULL, 'Sí - Básico', NULL),
(138, 5, 27, NULL, 'Sí - Básico', NULL),
(139, 5, 28, NULL, 'Sí - Básico', NULL),
(140, 5, 29, NULL, 'Sí - Básico', NULL),
(141, 5, 30, NULL, 'Sí - Básico', NULL),
(142, 5, 31, NULL, 'Sí - Básico', NULL),
(143, 5, 32, NULL, 'Sí - Básico', NULL),
(144, 5, 33, NULL, 'Sí - Básico', NULL),
(145, 5, 34, NULL, 'Sí - Básico', NULL),
(146, 5, 35, NULL, 'Sí - Básico', NULL),
(147, 5, 36, NULL, 'SS', NULL),
(148, 5, 37, NULL, 'DE', NULL),
(149, 6, 1, NULL, 'Sí - Básico', NULL),
(150, 6, 2, NULL, 'Sí - Básico', NULL),
(151, 6, 3, NULL, 'Sí - Básico', NULL),
(152, 6, 4, NULL, 'Sí - Básico', NULL),
(153, 6, 5, NULL, 'Sí - Básico', NULL),
(154, 6, 6, NULL, 'Sí - Básico', NULL),
(155, 6, 7, NULL, 'Sí - Básico', NULL),
(156, 6, 8, NULL, 'Sí - Básico', NULL),
(157, 6, 9, NULL, 'Sí - Básico', NULL),
(158, 6, 10, NULL, 'Sí - Básico', NULL),
(159, 6, 11, NULL, 'Sí - Básico', NULL),
(160, 6, 12, NULL, 'Sí - Básico', NULL),
(161, 6, 13, NULL, 'Sí - Básico', NULL),
(162, 6, 14, NULL, 'Sí - Básico', NULL),
(163, 6, 15, NULL, 'Sí - Básico', NULL),
(164, 6, 16, NULL, 'Sí - Básico', NULL),
(165, 6, 17, NULL, 'Sí - Básico', NULL),
(166, 6, 18, NULL, 'Sí - Básico', NULL),
(167, 6, 19, NULL, 'Sí - Básico', NULL),
(168, 6, 20, NULL, 'Sí - Básico', NULL),
(169, 6, 21, NULL, 'Sí - Básico', NULL),
(170, 6, 22, NULL, 'Sí - Básico', NULL),
(171, 6, 23, NULL, 'Sí - Básico', NULL),
(172, 6, 24, NULL, 'Sí - Básico', NULL),
(173, 6, 25, NULL, 'Sí - Básico', NULL),
(174, 6, 26, NULL, 'Sí - Básico', NULL),
(175, 6, 27, NULL, 'Sí - Básico', NULL),
(176, 6, 28, NULL, 'Sí - Básico', NULL),
(177, 6, 29, NULL, 'Sí - Básico', NULL),
(178, 6, 30, NULL, 'Sí - Básico', NULL),
(179, 6, 31, NULL, 'Sí - Básico', NULL),
(180, 6, 32, NULL, 'Sí - Básico', NULL),
(181, 6, 33, NULL, 'Sí - Básico', NULL),
(182, 6, 34, NULL, 'Sí - Básico', NULL),
(183, 6, 35, NULL, 'Sí - Básico', NULL),
(184, 6, 36, NULL, ' SSS', NULL),
(185, 6, 37, NULL, 'SDS', NULL),
(186, 7, 1, NULL, 'Sí - Básico', NULL),
(187, 7, 2, NULL, 'Sí - Básico', NULL),
(188, 7, 3, NULL, 'Sí - Básico', NULL),
(189, 7, 4, NULL, 'Sí - Básico', NULL),
(190, 7, 5, NULL, 'Sí - Básico', NULL),
(191, 7, 6, NULL, 'Sí - Básico', NULL),
(192, 7, 7, NULL, 'Sí - Básico', NULL),
(193, 7, 8, NULL, 'Sí - Básico', NULL),
(194, 7, 9, NULL, 'Sí - Básico', NULL),
(195, 7, 10, NULL, 'Sí - Básico', NULL),
(196, 7, 11, NULL, 'Sí - Básico', NULL),
(197, 7, 12, NULL, 'Sí - Básico', NULL),
(198, 7, 13, NULL, 'Sí - Básico', NULL),
(199, 7, 14, NULL, 'Sí - Básico', NULL),
(200, 7, 15, NULL, 'Sí - Básico', NULL),
(201, 7, 16, NULL, 'Sí - Básico', NULL),
(202, 7, 17, NULL, 'Sí - Básico', NULL),
(203, 7, 18, NULL, 'Sí - Básico', NULL),
(204, 7, 19, NULL, 'Sí - Básico', NULL),
(205, 7, 20, NULL, 'Sí - Básico', NULL),
(206, 7, 21, NULL, 'Sí - Básico', NULL),
(207, 7, 22, NULL, 'Sí - Básico', NULL),
(208, 7, 23, NULL, 'Sí - Básico', NULL),
(209, 7, 24, NULL, 'Sí - Básico', NULL),
(210, 7, 25, NULL, 'Sí - Básico', NULL),
(211, 7, 26, NULL, 'Sí - Básico', NULL),
(212, 7, 27, NULL, 'Sí - Básico', NULL),
(213, 7, 28, NULL, 'Sí - Básico', NULL),
(214, 7, 29, NULL, 'Sí - Básico', NULL),
(215, 7, 30, NULL, 'Sí - Básico', NULL),
(216, 7, 31, NULL, 'Sí - Básico', NULL),
(217, 7, 32, NULL, 'Sí - Básico', NULL),
(218, 7, 33, NULL, 'Sí - Avanzado', NULL),
(219, 7, 34, NULL, 'Sí - Avanzado', NULL),
(220, 7, 35, NULL, 'Sí - Avanzado', NULL),
(221, 7, 36, NULL, 'SS', NULL),
(222, 7, 37, NULL, 'S', NULL),
(223, 8, 1, NULL, 'Sí - Básico', NULL),
(224, 8, 2, NULL, 'Sí - Básico', NULL),
(225, 8, 3, NULL, 'Sí - Básico', NULL),
(226, 8, 4, NULL, 'Sí - Básico', NULL),
(227, 8, 5, NULL, 'Sí - Básico', NULL),
(228, 8, 6, NULL, 'Sí - Básico', NULL),
(229, 8, 7, NULL, 'Sí - Básico', NULL),
(230, 8, 8, NULL, 'Sí - Básico', NULL),
(231, 8, 9, NULL, 'Sí - Básico', NULL),
(232, 8, 10, NULL, 'Sí - Básico', NULL),
(233, 8, 11, NULL, 'Sí - Básico', NULL),
(234, 8, 12, NULL, 'Sí - Básico', NULL),
(235, 8, 13, NULL, 'Sí - Básico', NULL),
(236, 8, 14, NULL, 'Sí - Básico', NULL),
(237, 8, 15, NULL, 'Sí - Básico', NULL),
(238, 8, 16, NULL, 'Sí - Básico', NULL),
(239, 8, 17, NULL, 'Sí - Básico', NULL),
(240, 8, 18, NULL, 'Sí - Básico', NULL),
(241, 8, 19, NULL, 'Sí - Básico', NULL),
(242, 8, 20, NULL, 'Sí - Básico', NULL),
(243, 8, 21, NULL, 'Sí - Básico', NULL),
(244, 8, 22, NULL, 'Sí - Básico', NULL),
(245, 8, 23, NULL, 'Sí - Básico', NULL),
(246, 8, 24, NULL, 'Sí - Básico', NULL),
(247, 8, 25, NULL, 'Sí - Básico', NULL),
(248, 8, 26, NULL, 'Sí - Básico', NULL),
(249, 8, 27, NULL, 'Sí - Básico', NULL),
(250, 8, 28, NULL, 'Sí - Básico', NULL),
(251, 8, 29, NULL, 'Sí - Básico', NULL),
(252, 8, 30, NULL, 'Sí - Básico', NULL),
(253, 8, 31, NULL, 'Sí - Básico', NULL),
(254, 8, 32, NULL, 'Sí - Básico', NULL),
(255, 8, 33, NULL, 'Sí - Básico', NULL),
(256, 8, 34, NULL, 'Sí - Básico', NULL),
(257, 8, 35, NULL, 'Sí - Básico', NULL),
(258, 8, 36, NULL, 'ss', NULL),
(259, 8, 37, NULL, 'ss', NULL),
(260, 9, 1, NULL, 'Sí - Básico', NULL),
(261, 9, 2, NULL, 'Sí - Básico', NULL),
(262, 9, 3, NULL, 'Sí - Básico', NULL),
(263, 9, 4, NULL, 'Sí - Básico', NULL),
(264, 9, 5, NULL, 'Sí - Básico', NULL),
(265, 9, 6, NULL, 'Sí - Básico', NULL),
(266, 9, 7, NULL, 'Sí - Básico', NULL),
(267, 9, 8, NULL, 'Sí - Básico', NULL),
(268, 9, 9, NULL, 'Sí - Básico', NULL),
(269, 9, 10, NULL, 'Sí - Básico', NULL),
(270, 9, 11, NULL, 'Sí - Básico', NULL),
(271, 9, 12, NULL, 'Sí - Básico', NULL),
(272, 9, 13, NULL, 'Sí - Básico', NULL),
(273, 9, 14, NULL, 'Sí - Básico', NULL),
(274, 9, 15, NULL, 'Sí - Básico', NULL),
(275, 9, 16, NULL, 'Sí - Básico', NULL),
(276, 9, 17, NULL, 'Sí - Básico', NULL),
(277, 9, 18, NULL, 'Sí - Básico', NULL),
(278, 9, 19, NULL, 'Sí - Básico', NULL),
(279, 9, 20, NULL, 'Sí - Básico', NULL),
(280, 9, 21, NULL, 'Sí - Básico', NULL),
(281, 9, 22, NULL, 'Sí - Básico', NULL),
(282, 9, 23, NULL, 'Sí - Avanzado', NULL),
(283, 9, 24, NULL, 'Sí - Avanzado', NULL),
(284, 9, 25, NULL, 'Sí - Avanzado', NULL),
(285, 9, 26, NULL, 'Sí - Avanzado', NULL),
(286, 9, 27, NULL, 'Sí - Avanzado', NULL),
(287, 9, 28, NULL, 'Sí - Avanzado', NULL),
(288, 9, 29, NULL, 'Sí - Avanzado', NULL),
(289, 9, 30, NULL, 'Sí - Avanzado', NULL),
(290, 9, 31, NULL, 'Sí - Avanzado', NULL),
(291, 9, 32, NULL, 'Sí - Avanzado', NULL),
(292, 9, 33, NULL, 'Sí - Avanzado', NULL),
(293, 9, 34, NULL, 'Sí - Avanzado', NULL),
(294, 9, 35, NULL, 'Sí - Avanzado', NULL),
(295, 9, 36, NULL, ' ss ', NULL),
(296, 9, 37, NULL, 'dds', NULL),
(297, 10, 1, NULL, 'Sí - Básico', NULL),
(298, 10, 2, NULL, 'Sí - Básico', NULL),
(299, 10, 3, NULL, 'Sí - Básico', NULL),
(300, 10, 4, NULL, 'Sí - Básico', NULL),
(301, 10, 5, NULL, 'Sí - Básico', NULL),
(302, 10, 6, NULL, 'Sí - Básico', NULL),
(303, 10, 7, NULL, 'Sí - Básico', NULL),
(304, 10, 8, NULL, 'Sí - Básico', NULL),
(305, 10, 9, NULL, 'Sí - Básico', NULL),
(306, 10, 10, NULL, 'Sí - Básico', NULL),
(307, 10, 11, NULL, 'Sí - Básico', NULL),
(308, 10, 12, NULL, 'Sí - Básico', NULL),
(309, 10, 13, NULL, 'Sí - Básico', NULL),
(310, 10, 14, NULL, 'Sí - Básico', NULL),
(311, 10, 15, NULL, 'Sí - Básico', NULL),
(312, 10, 16, NULL, 'Sí - Básico', NULL),
(313, 10, 17, NULL, 'Sí - Básico', NULL),
(314, 10, 18, NULL, 'Sí - Básico', NULL),
(315, 10, 19, NULL, 'Sí - Básico', NULL),
(316, 10, 20, NULL, 'Sí - Básico', NULL),
(317, 10, 21, NULL, 'Sí - Básico', NULL),
(318, 10, 22, NULL, 'Sí - Básico', NULL),
(319, 10, 23, NULL, 'Sí - Básico', NULL),
(320, 10, 24, NULL, 'Sí - Básico', NULL),
(321, 10, 25, NULL, 'Sí - Básico', NULL),
(322, 10, 26, NULL, 'Sí - Básico', NULL),
(323, 10, 27, NULL, 'Sí - Básico', NULL),
(324, 10, 28, NULL, 'Sí - Básico', NULL),
(325, 10, 29, NULL, 'Sí - Básico', NULL),
(326, 10, 30, NULL, 'Sí - Básico', NULL),
(327, 10, 31, NULL, 'Sí - Básico', NULL),
(328, 10, 32, NULL, 'Sí - Básico', NULL),
(329, 10, 33, NULL, 'Sí - Básico', NULL),
(330, 10, 34, NULL, 'Sí - Básico', NULL),
(331, 10, 35, NULL, 'Sí - Básico', NULL),
(332, 10, 36, NULL, 'ss', NULL),
(333, 10, 37, NULL, 'd', NULL),
(334, 11, 1, NULL, 'Sí - Intermedio', NULL),
(335, 11, 2, NULL, 'No', 'dasdasdasdsa'),
(336, 11, 3, NULL, 'No aplica', 'sdsdf'),
(337, 11, 4, NULL, 'Sí - Básico', NULL),
(338, 11, 5, NULL, 'Sí - Intermedio', NULL),
(339, 11, 6, NULL, 'Sí - Intermedio', NULL),
(340, 11, 7, NULL, 'Sí - Intermedio', NULL),
(341, 11, 8, NULL, 'Sí - Intermedio', NULL),
(342, 11, 9, NULL, 'Sí - Intermedio', NULL),
(343, 11, 10, NULL, 'Sí - Intermedio', NULL),
(344, 11, 11, NULL, 'Sí - Intermedio', NULL),
(345, 11, 12, NULL, 'Sí - Intermedio', NULL),
(346, 11, 13, NULL, 'Sí - Intermedio', NULL),
(347, 11, 14, NULL, 'Sí - Intermedio', NULL),
(348, 11, 15, NULL, 'Sí - Intermedio', NULL),
(349, 11, 16, NULL, 'Sí - Intermedio', NULL),
(350, 11, 17, NULL, 'Sí - Intermedio', NULL),
(351, 11, 18, NULL, 'Sí - Intermedio', NULL),
(352, 11, 19, NULL, 'Sí - Intermedio', NULL),
(353, 11, 20, NULL, 'Sí - Intermedio', NULL),
(354, 11, 21, NULL, 'Sí - Intermedio', NULL),
(355, 11, 22, NULL, 'Sí - Intermedio', NULL),
(356, 11, 23, NULL, 'Sí - Intermedio', NULL),
(357, 11, 24, NULL, 'Sí - Intermedio', NULL),
(358, 11, 25, NULL, 'Sí - Intermedio', NULL),
(359, 11, 26, NULL, 'Sí - Intermedio', NULL),
(360, 11, 27, NULL, 'Sí - Intermedio', NULL),
(361, 11, 28, NULL, 'Sí - Intermedio', NULL),
(362, 11, 29, NULL, 'Sí - Intermedio', NULL),
(363, 11, 30, NULL, 'Sí - Intermedio', NULL),
(364, 11, 31, NULL, 'Sí - Intermedio', NULL),
(365, 11, 32, NULL, 'Sí - Intermedio', NULL),
(366, 11, 33, NULL, 'Sí - Intermedio', NULL),
(367, 11, 34, NULL, 'Sí - Intermedio', NULL),
(368, 11, 35, NULL, 'Sí - Intermedio', NULL),
(369, 11, 36, NULL, 'sdadasdsdasd', NULL),
(370, 11, 37, NULL, 'sdadasdasd', NULL),
(371, 12, 1, NULL, 'Sí - Avanzado', NULL),
(372, 12, 2, NULL, 'Sí - Avanzado', NULL),
(373, 12, 3, NULL, 'Sí - Avanzado', NULL),
(374, 12, 4, NULL, 'Sí - Avanzado', NULL),
(375, 12, 5, NULL, 'Sí - Básico', NULL),
(376, 12, 6, NULL, 'Sí - Intermedio', NULL),
(377, 12, 7, NULL, 'No', 'No quiero '),
(378, 12, 8, NULL, 'Sí - Básico', NULL),
(379, 12, 9, NULL, 'Sí - Avanzado', NULL),
(380, 12, 10, NULL, 'No aplica', 'Segun la ley de Yessi 1996 no '),
(381, 12, 11, NULL, 'Sí - Básico', NULL),
(382, 12, 12, NULL, 'Sí - Avanzado', NULL),
(383, 12, 13, NULL, 'Sí - Básico', NULL),
(384, 12, 14, NULL, 'Sí - Básico', NULL),
(385, 12, 15, NULL, 'Sí - Básico', NULL),
(386, 12, 16, NULL, 'Sí - Básico', NULL),
(387, 12, 17, NULL, 'Sí - Básico', NULL),
(388, 12, 18, NULL, 'Sí - Básico', NULL),
(389, 12, 19, NULL, 'Sí - Básico', NULL),
(390, 12, 20, NULL, 'Sí - Básico', NULL),
(391, 12, 21, NULL, 'Sí - Avanzado', NULL),
(392, 12, 22, NULL, 'Sí - Básico', NULL),
(393, 12, 23, NULL, 'Sí - Básico', NULL),
(394, 12, 24, NULL, 'Sí - Avanzado', NULL),
(395, 12, 25, NULL, 'Sí - Básico', NULL),
(396, 12, 26, NULL, 'Sí - Básico', NULL),
(397, 12, 27, NULL, 'Sí - Avanzado', NULL),
(398, 12, 28, NULL, 'Sí - Avanzado', NULL),
(399, 12, 29, NULL, 'Sí - Básico', NULL),
(400, 12, 30, NULL, 'Sí - Básico', NULL),
(401, 12, 31, NULL, 'Sí - Básico', NULL),
(402, 12, 32, NULL, 'Sí - Básico', NULL),
(403, 12, 33, NULL, 'Sí - Avanzado', NULL),
(404, 12, 34, NULL, 'Sí - Avanzado', NULL),
(405, 12, 35, NULL, 'Sí - Avanzado', NULL),
(406, 12, 36, NULL, 'Todas', NULL),
(407, 12, 37, NULL, 'Mucho', NULL),
(408, 13, 1, NULL, 'Sí - Básico', NULL),
(409, 13, 2, NULL, 'Sí - Intermedio', NULL),
(410, 13, 3, NULL, 'Sí - Avanzado', NULL),
(411, 13, 4, NULL, 'Sí - Básico', NULL),
(412, 13, 5, NULL, 'Sí - Intermedio', NULL),
(413, 13, 6, NULL, 'Sí - Intermedio', NULL),
(414, 13, 7, NULL, 'Sí - Básico', NULL),
(415, 13, 8, NULL, 'Sí - Avanzado', NULL),
(416, 13, 9, NULL, 'Sí - Intermedio', NULL),
(417, 13, 10, NULL, 'Sí - Avanzado', NULL),
(418, 13, 11, NULL, 'Sí - Avanzado', NULL),
(419, 13, 12, NULL, 'Sí - Avanzado', NULL),
(420, 13, 13, NULL, 'Sí - Avanzado', NULL),
(421, 13, 14, NULL, 'Sí - Avanzado', NULL),
(422, 13, 15, NULL, 'Sí - Avanzado', NULL),
(423, 13, 16, NULL, 'Sí - Avanzado', NULL),
(424, 13, 17, NULL, 'Sí - Avanzado', NULL),
(425, 13, 18, NULL, 'Sí - Avanzado', NULL),
(426, 13, 19, NULL, 'Sí - Avanzado', NULL),
(427, 13, 20, NULL, 'Sí - Avanzado', NULL),
(428, 13, 21, NULL, 'Sí - Avanzado', NULL),
(429, 13, 22, NULL, 'Sí - Avanzado', NULL),
(430, 13, 23, NULL, 'Sí - Avanzado', NULL),
(431, 13, 24, NULL, 'Sí - Avanzado', NULL),
(432, 13, 25, NULL, 'Sí - Avanzado', NULL),
(433, 13, 26, NULL, 'Sí - Avanzado', NULL),
(434, 13, 27, NULL, 'Sí - Avanzado', NULL),
(435, 13, 28, NULL, 'Sí - Avanzado', NULL),
(436, 13, 29, NULL, 'Sí - Avanzado', NULL),
(437, 13, 30, NULL, 'Sí - Avanzado', NULL),
(438, 13, 31, NULL, 'Sí - Avanzado', NULL),
(439, 13, 32, NULL, 'Sí - Avanzado', NULL),
(440, 13, 33, NULL, 'Sí - Avanzado', NULL),
(441, 13, 34, NULL, 'Sí - Avanzado', NULL),
(442, 13, 35, NULL, 'Sí - Avanzado', NULL),
(443, 13, 36, NULL, 'sss', NULL),
(444, 13, 37, NULL, 'sss', NULL),
(445, 14, 1, NULL, 'Sí - Avanzado', NULL),
(446, 14, 2, NULL, 'Sí - Avanzado', NULL),
(447, 14, 3, NULL, 'Sí - Avanzado', NULL),
(448, 14, 4, NULL, 'Sí - Avanzado', NULL),
(449, 14, 5, NULL, 'Sí - Básico', NULL),
(450, 14, 6, NULL, 'Sí - Básico', NULL),
(451, 14, 7, NULL, 'Sí - Intermedio', NULL),
(452, 14, 8, NULL, 'Sí - Avanzado', NULL),
(453, 14, 9, NULL, 'Sí - Avanzado', NULL),
(454, 14, 10, NULL, 'Sí - Avanzado', NULL),
(455, 14, 11, NULL, 'Sí - Avanzado', NULL),
(456, 14, 12, NULL, 'Sí - Avanzado', NULL),
(457, 14, 13, NULL, 'Sí - Avanzado', NULL),
(458, 14, 14, NULL, 'Sí - Avanzado', NULL),
(459, 14, 15, NULL, 'Sí - Avanzado', NULL),
(460, 14, 16, NULL, 'Sí - Avanzado', NULL),
(461, 14, 17, NULL, 'Sí - Avanzado', NULL),
(462, 14, 18, NULL, 'Sí - Avanzado', NULL),
(463, 14, 19, NULL, 'Sí - Avanzado', NULL),
(464, 14, 20, NULL, 'Sí - Intermedio', NULL),
(465, 14, 21, NULL, 'Sí - Intermedio', NULL),
(466, 14, 22, NULL, 'Sí - Intermedio', NULL),
(467, 14, 23, NULL, 'Sí - Avanzado', NULL),
(468, 14, 24, NULL, 'Sí - Intermedio', NULL),
(469, 14, 25, NULL, 'Sí - Intermedio', NULL),
(470, 14, 26, NULL, 'Sí - Básico', NULL),
(471, 14, 27, NULL, 'Sí - Avanzado', NULL),
(472, 14, 28, NULL, 'Sí - Avanzado', NULL),
(473, 14, 29, NULL, 'Sí - Avanzado', NULL),
(474, 14, 30, NULL, 'Sí - Avanzado', NULL),
(475, 14, 31, NULL, 'Sí - Intermedio', NULL),
(476, 14, 32, NULL, 'Sí - Avanzado', NULL),
(477, 14, 33, NULL, 'Sí - Intermedio', NULL),
(478, 14, 34, NULL, 'Sí - Intermedio', NULL),
(479, 14, 35, NULL, 'Sí - Intermedio', NULL),
(480, 14, 36, NULL, 'dfssdfsdfsdf', NULL),
(481, 14, 37, NULL, 'sfsdfsdfs', NULL),
(482, 15, 1, NULL, 'Sí - Básico', NULL),
(483, 15, 2, NULL, 'No aplica', 'sdfsfsdfsd'),
(484, 15, 3, NULL, 'No', 'fdgdfgfdg'),
(485, 15, 4, NULL, 'Sí - Básico', NULL),
(486, 15, 5, NULL, 'Sí - Básico', NULL),
(487, 15, 6, NULL, 'Sí - Básico', NULL),
(488, 15, 7, NULL, 'Sí - Básico', NULL),
(489, 15, 8, NULL, 'Sí - Básico', NULL),
(490, 15, 9, NULL, 'Sí - Básico', NULL),
(491, 15, 10, NULL, 'Sí - Básico', NULL),
(492, 15, 11, NULL, 'Sí - Básico', NULL),
(493, 15, 12, NULL, 'Sí - Básico', NULL),
(494, 15, 13, NULL, 'Sí - Básico', NULL),
(495, 15, 14, NULL, 'Sí - Básico', NULL),
(496, 15, 15, NULL, 'Sí - Básico', NULL),
(497, 15, 16, NULL, 'Sí - Básico', NULL),
(498, 15, 17, NULL, 'Sí - Básico', NULL),
(499, 15, 18, NULL, 'Sí - Básico', NULL),
(500, 15, 19, NULL, 'Sí - Básico', NULL),
(501, 15, 20, NULL, 'Sí - Básico', NULL),
(502, 15, 21, NULL, 'Sí - Básico', NULL),
(503, 15, 22, NULL, 'Sí - Básico', NULL),
(504, 15, 23, NULL, 'Sí - Básico', NULL),
(505, 15, 24, NULL, 'Sí - Básico', NULL),
(506, 15, 25, NULL, 'Sí - Básico', NULL),
(507, 15, 26, NULL, 'Sí - Básico', NULL),
(508, 15, 27, NULL, 'Sí - Básico', NULL),
(509, 15, 28, NULL, 'Sí - Básico', NULL),
(510, 15, 29, NULL, 'Sí - Básico', NULL),
(511, 15, 30, NULL, 'Sí - Básico', NULL),
(512, 15, 31, NULL, 'Sí - Básico', NULL),
(513, 15, 32, NULL, 'Sí - Básico', NULL),
(514, 15, 33, NULL, 'Sí - Básico', NULL),
(515, 15, 34, NULL, 'Sí - Básico', NULL),
(516, 15, 35, NULL, 'Sí - Básico', NULL),
(517, 15, 36, NULL, 'fsdfsdfsdfsdf', NULL),
(518, 15, 37, NULL, 'sdfsdfdsf', NULL),
(519, 16, 1, NULL, 'Sí - Básico', NULL),
(520, 16, 2, NULL, 'Sí - Básico', NULL),
(521, 16, 3, NULL, 'Sí - Básico', NULL),
(522, 16, 4, NULL, 'No', 'fsdfsdf'),
(523, 16, 5, NULL, 'No aplica', 'sdfsdfs'),
(524, 16, 6, NULL, 'No', 'dsfsf'),
(525, 16, 7, NULL, 'Sí - Básico', NULL),
(526, 16, 8, NULL, 'Sí - Intermedio', NULL),
(527, 16, 9, NULL, 'Sí - Intermedio', NULL),
(528, 16, 10, NULL, 'Sí - Avanzado', NULL),
(529, 16, 11, NULL, 'Sí - Avanzado', NULL),
(530, 16, 12, NULL, 'Sí - Intermedio', NULL),
(531, 16, 13, NULL, 'Sí - Intermedio', NULL),
(532, 16, 14, NULL, 'Sí - Básico', NULL),
(533, 16, 15, NULL, 'Sí - Avanzado', NULL),
(534, 16, 16, NULL, 'Sí - Básico', NULL),
(535, 16, 17, NULL, 'Sí - Básico', NULL),
(536, 16, 18, NULL, 'Sí - Básico', NULL),
(537, 16, 19, NULL, 'Sí - Básico', NULL),
(538, 16, 20, NULL, 'Sí - Básico', NULL),
(539, 16, 21, NULL, 'Sí - Básico', NULL),
(540, 16, 22, NULL, 'Sí - Básico', NULL),
(541, 16, 23, NULL, 'Sí - Básico', NULL),
(542, 16, 24, NULL, 'Sí - Básico', NULL),
(543, 16, 25, NULL, 'Sí - Básico', NULL),
(544, 16, 26, NULL, 'Sí - Básico', NULL),
(545, 16, 27, NULL, 'Sí - Básico', NULL),
(546, 16, 28, NULL, 'Sí - Básico', NULL),
(547, 16, 29, NULL, 'Sí - Básico', NULL),
(548, 16, 30, NULL, 'Sí - Básico', NULL),
(549, 16, 31, NULL, 'Sí - Básico', NULL),
(550, 16, 32, NULL, 'Sí - Básico', NULL),
(551, 16, 33, NULL, 'Sí - Básico', NULL),
(552, 16, 34, NULL, 'Sí - Básico', NULL),
(553, 16, 35, NULL, 'Sí - Básico', NULL),
(554, 16, 36, NULL, ' sdffdsf', NULL),
(555, 16, 37, NULL, 'ddsdf', NULL),
(556, 17, 1, NULL, 'Sí - Básico', NULL),
(557, 17, 2, NULL, 'Sí - Básico', NULL),
(558, 17, 3, NULL, 'Sí - Básico', NULL),
(559, 17, 4, NULL, 'Sí - Intermedio', NULL),
(560, 17, 5, NULL, 'Sí - Intermedio', NULL),
(561, 17, 6, NULL, 'Sí - Intermedio', NULL),
(562, 17, 7, NULL, 'Sí - Intermedio', NULL),
(563, 17, 8, NULL, 'Sí - Intermedio', NULL),
(564, 17, 9, NULL, 'Sí - Intermedio', NULL),
(565, 17, 10, NULL, 'Sí - Intermedio', NULL),
(566, 17, 11, NULL, 'Sí - Intermedio', NULL),
(567, 17, 12, NULL, 'Sí - Intermedio', NULL),
(568, 17, 13, NULL, 'Sí - Intermedio', NULL),
(569, 17, 14, NULL, 'Sí - Intermedio', NULL),
(570, 17, 15, NULL, 'Sí - Intermedio', NULL),
(571, 17, 16, NULL, 'Sí - Intermedio', NULL),
(572, 17, 17, NULL, 'Sí - Intermedio', NULL),
(573, 17, 18, NULL, 'Sí - Intermedio', NULL),
(574, 17, 19, NULL, 'Sí - Intermedio', NULL),
(575, 17, 20, NULL, 'Sí - Intermedio', NULL),
(576, 17, 21, NULL, 'Sí - Intermedio', NULL),
(577, 17, 22, NULL, 'Sí - Intermedio', NULL),
(578, 17, 23, NULL, 'Sí - Intermedio', NULL),
(579, 17, 24, NULL, 'Sí - Intermedio', NULL),
(580, 17, 25, NULL, 'Sí - Intermedio', NULL),
(581, 17, 26, NULL, 'Sí - Intermedio', NULL),
(582, 17, 27, NULL, 'Sí - Intermedio', NULL),
(583, 17, 28, NULL, 'Sí - Intermedio', NULL),
(584, 17, 29, NULL, 'Sí - Intermedio', NULL),
(585, 17, 30, NULL, 'Sí - Intermedio', NULL),
(586, 17, 31, NULL, 'Sí - Intermedio', NULL),
(587, 17, 32, NULL, 'Sí - Intermedio', NULL),
(588, 17, 33, NULL, 'Sí - Intermedio', NULL),
(589, 17, 34, NULL, 'Sí - Intermedio', NULL),
(590, 17, 35, NULL, 'Sí - Intermedio', NULL),
(591, 17, 36, NULL, 'ssds', NULL),
(592, 17, 37, NULL, 'd', NULL),
(593, 18, 1, NULL, 'Sí - Básico', NULL),
(594, 18, 2, NULL, 'Sí - Básico', NULL),
(595, 18, 3, NULL, 'Sí - Básico', NULL),
(596, 18, 4, NULL, 'Sí - Básico', NULL),
(597, 18, 5, NULL, 'Sí - Básico', NULL),
(598, 18, 6, NULL, 'Sí - Básico', NULL),
(599, 18, 7, NULL, 'Sí - Básico', NULL),
(600, 18, 8, NULL, 'Sí - Básico', NULL),
(601, 18, 9, NULL, 'Sí - Básico', NULL),
(602, 18, 10, NULL, 'Sí - Básico', NULL),
(603, 18, 11, NULL, 'Sí - Básico', NULL),
(604, 18, 12, NULL, 'Sí - Básico', NULL),
(605, 18, 13, NULL, 'Sí - Básico', NULL),
(606, 18, 14, NULL, 'Sí - Básico', NULL),
(607, 18, 15, NULL, 'Sí - Básico', NULL),
(608, 18, 16, NULL, 'Sí - Básico', NULL),
(609, 18, 17, NULL, 'Sí - Básico', NULL),
(610, 18, 18, NULL, 'Sí - Básico', NULL),
(611, 18, 19, NULL, 'Sí - Básico', NULL),
(612, 18, 20, NULL, 'Sí - Básico', NULL),
(613, 18, 21, NULL, 'Sí - Básico', NULL),
(614, 18, 22, NULL, 'Sí - Básico', NULL),
(615, 18, 23, NULL, 'Sí - Básico', NULL),
(616, 18, 24, NULL, 'Sí - Básico', NULL),
(617, 18, 25, NULL, 'Sí - Básico', NULL),
(618, 18, 26, NULL, 'Sí - Básico', NULL),
(619, 18, 27, NULL, 'Sí - Básico', NULL),
(620, 18, 28, NULL, 'Sí - Básico', NULL),
(621, 18, 29, NULL, 'Sí - Básico', NULL),
(622, 18, 30, NULL, 'Sí - Básico', NULL),
(623, 18, 31, NULL, 'Sí - Básico', NULL),
(624, 18, 32, NULL, 'Sí - Básico', NULL),
(625, 18, 33, NULL, 'Sí - Básico', NULL),
(626, 18, 34, NULL, 'Sí - Básico', NULL),
(627, 18, 35, NULL, 'Sí - Básico', NULL),
(628, 18, 36, NULL, 'ssd', NULL),
(629, 18, 37, NULL, 'dssdssdsasa', NULL),
(630, 19, 1, NULL, 'Sí - Avanzado', NULL),
(631, 19, 2, NULL, 'Sí - Avanzado', NULL),
(632, 19, 3, NULL, 'Sí - Avanzado', NULL),
(633, 19, 4, NULL, 'Sí - Avanzado', NULL),
(634, 19, 5, NULL, 'Sí - Avanzado', NULL),
(635, 19, 6, NULL, 'Sí - Avanzado', NULL),
(636, 19, 7, NULL, 'Sí - Avanzado', NULL),
(637, 19, 8, NULL, 'Sí - Avanzado', NULL),
(638, 19, 9, NULL, 'Sí - Avanzado', NULL),
(639, 19, 10, NULL, 'Sí - Avanzado', NULL),
(640, 19, 11, NULL, 'Sí - Avanzado', NULL),
(641, 19, 12, NULL, 'Sí - Avanzado', NULL),
(642, 19, 13, NULL, 'Sí - Avanzado', NULL),
(643, 19, 14, NULL, 'Sí - Avanzado', NULL),
(644, 19, 15, NULL, 'Sí - Avanzado', NULL),
(645, 19, 16, NULL, 'Sí - Avanzado', NULL),
(646, 19, 17, NULL, 'Sí - Avanzado', NULL),
(647, 19, 18, NULL, 'Sí - Avanzado', NULL),
(648, 19, 19, NULL, 'Sí - Avanzado', NULL),
(649, 19, 20, NULL, 'Sí - Avanzado', NULL),
(650, 19, 21, NULL, 'Sí - Avanzado', NULL),
(651, 19, 22, NULL, 'Sí - Avanzado', NULL),
(652, 19, 23, NULL, 'Sí - Avanzado', NULL),
(653, 19, 24, NULL, 'Sí - Avanzado', NULL),
(654, 19, 25, NULL, 'Sí - Avanzado', NULL),
(655, 19, 26, NULL, 'Sí - Avanzado', NULL),
(656, 19, 27, NULL, 'Sí - Avanzado', NULL),
(657, 19, 28, NULL, 'Sí - Avanzado', NULL),
(658, 19, 29, NULL, 'Sí - Avanzado', NULL),
(659, 19, 30, NULL, 'Sí - Avanzado', NULL),
(660, 19, 31, NULL, 'Sí - Avanzado', NULL),
(661, 19, 32, NULL, 'Sí - Avanzado', NULL),
(662, 19, 33, NULL, 'Sí - Avanzado', NULL),
(663, 19, 34, NULL, 'Sí - Avanzado', NULL),
(664, 19, 35, NULL, 'Sí - Avanzado', NULL),
(665, 19, 36, NULL, 'dssdsd', NULL),
(666, 19, 37, NULL, 'ddsd', NULL),
(667, 20, 1, NULL, 'No aplica', 'fdgdg'),
(668, 20, 2, NULL, 'Sí - Básico', NULL),
(669, 20, 3, NULL, 'Sí - Básico', NULL),
(670, 20, 4, NULL, 'Sí - Intermedio', NULL),
(671, 20, 5, NULL, 'Sí - Básico', NULL),
(672, 20, 6, NULL, 'Sí - Básico', NULL),
(673, 20, 7, NULL, 'No', 'sdfs'),
(674, 20, 8, NULL, 'No aplica', 'sdfsd'),
(675, 20, 9, NULL, 'Sí - Básico', NULL),
(676, 20, 10, NULL, 'Sí - Básico', NULL),
(677, 20, 11, NULL, 'Sí - Intermedio', NULL),
(678, 20, 12, NULL, 'Sí - Avanzado', NULL),
(679, 20, 13, NULL, 'Sí - Avanzado', NULL),
(680, 20, 14, NULL, 'Sí - Avanzado', NULL),
(681, 20, 15, NULL, 'Sí - Avanzado', NULL),
(682, 20, 16, NULL, 'Sí - Avanzado', NULL),
(683, 20, 17, NULL, 'No aplica', 'sdds'),
(684, 20, 18, NULL, 'No', 'vfdfsd'),
(685, 20, 19, NULL, 'Sí - Avanzado', NULL),
(686, 20, 20, NULL, 'Sí - Avanzado', NULL),
(687, 20, 21, NULL, 'Sí - Avanzado', NULL),
(688, 20, 22, NULL, 'Sí - Avanzado', NULL),
(689, 20, 23, NULL, 'Sí - Avanzado', NULL),
(690, 20, 24, NULL, 'Sí - Avanzado', NULL),
(691, 20, 25, NULL, 'Sí - Avanzado', NULL),
(692, 20, 26, NULL, 'Sí - Avanzado', NULL),
(693, 20, 27, NULL, 'Sí - Avanzado', NULL),
(694, 20, 28, NULL, 'Sí - Intermedio', NULL),
(695, 20, 29, NULL, 'Sí - Básico', NULL),
(696, 20, 30, NULL, 'Sí - Básico', NULL),
(697, 20, 31, NULL, 'Sí - Básico', NULL),
(698, 20, 32, NULL, 'Sí - Intermedio', NULL),
(699, 20, 33, NULL, 'Sí - Intermedio', NULL),
(700, 20, 34, NULL, 'Sí - Intermedio', NULL),
(701, 20, 35, NULL, 'Sí - Intermedio', NULL),
(702, 20, 36, NULL, 'dddf', NULL),
(703, 20, 37, NULL, 'dssd', NULL),
(704, 21, 1, NULL, 'Sí - Básico', NULL),
(705, 21, 2, NULL, 'Sí - Básico', NULL),
(706, 21, 3, NULL, 'Sí - Básico', NULL),
(707, 21, 4, NULL, 'Sí - Básico', NULL),
(708, 21, 5, NULL, 'Sí - Básico', NULL),
(709, 21, 6, NULL, 'Sí - Básico', NULL),
(710, 21, 7, NULL, 'Sí - Básico', NULL),
(711, 21, 8, NULL, 'Sí - Básico', NULL),
(712, 21, 9, NULL, 'Sí - Básico', NULL),
(713, 21, 10, NULL, 'Sí - Básico', NULL),
(714, 21, 11, NULL, 'Sí - Básico', NULL),
(715, 21, 12, NULL, 'Sí - Básico', NULL),
(716, 21, 13, NULL, 'Sí - Básico', NULL),
(717, 21, 14, NULL, 'Sí - Básico', NULL),
(718, 21, 15, NULL, 'Sí - Básico', NULL),
(719, 21, 16, NULL, 'Sí - Básico', NULL),
(720, 21, 17, NULL, 'Sí - Básico', NULL),
(721, 21, 18, NULL, 'Sí - Básico', NULL),
(722, 21, 19, NULL, 'Sí - Básico', NULL),
(723, 21, 20, NULL, 'Sí - Básico', NULL),
(724, 21, 21, NULL, 'Sí - Básico', NULL),
(725, 21, 22, NULL, 'Sí - Básico', NULL),
(726, 21, 23, NULL, 'Sí - Básico', NULL),
(727, 21, 24, NULL, 'Sí - Básico', NULL),
(728, 21, 25, NULL, 'Sí - Básico', NULL),
(729, 21, 26, NULL, 'Sí - Básico', NULL),
(730, 21, 27, NULL, 'Sí - Básico', NULL),
(731, 21, 28, NULL, 'Sí - Básico', NULL),
(732, 21, 29, NULL, 'Sí - Básico', NULL),
(733, 21, 30, NULL, 'No aplica', 'dfds'),
(734, 21, 31, NULL, 'No aplica', 'dd'),
(735, 21, 32, NULL, 'Sí - Básico', NULL),
(736, 21, 33, NULL, 'Sí - Básico', NULL),
(737, 21, 34, NULL, 'Sí - Básico', NULL),
(738, 21, 35, NULL, 'Sí - Básico', NULL),
(739, 21, 36, NULL, 'cdsss', NULL),
(740, 21, 37, NULL, 'ddsd', NULL),
(741, 22, 1, NULL, 'Sí - Básico', NULL),
(742, 22, 2, NULL, 'Sí - Básico', NULL),
(743, 22, 3, NULL, 'Sí - Básico', NULL),
(744, 22, 4, NULL, 'Sí - Básico', NULL),
(745, 22, 5, NULL, 'Sí - Básico', NULL),
(746, 22, 6, NULL, 'Sí - Básico', NULL),
(747, 22, 7, NULL, 'Sí - Básico', NULL),
(748, 22, 8, NULL, 'Sí - Básico', NULL),
(749, 22, 9, NULL, 'Sí - Básico', NULL),
(750, 22, 10, NULL, 'Sí - Básico', NULL),
(751, 22, 11, NULL, 'Sí - Básico', NULL),
(752, 22, 12, NULL, 'Sí - Básico', NULL),
(753, 22, 13, NULL, 'Sí - Básico', NULL),
(754, 22, 14, NULL, 'Sí - Básico', NULL),
(755, 22, 15, NULL, 'Sí - Básico', NULL),
(756, 22, 16, NULL, 'Sí - Básico', NULL),
(757, 22, 17, NULL, 'Sí - Básico', NULL),
(758, 22, 18, NULL, 'Sí - Básico', NULL),
(759, 22, 19, NULL, 'Sí - Básico', NULL),
(760, 22, 20, NULL, 'Sí - Básico', NULL),
(761, 22, 21, NULL, 'Sí - Básico', NULL),
(762, 22, 22, NULL, 'Sí - Básico', NULL),
(763, 22, 23, NULL, 'Sí - Básico', NULL),
(764, 22, 24, NULL, 'Sí - Básico', NULL),
(765, 22, 25, NULL, 'Sí - Básico', NULL),
(766, 22, 26, NULL, 'Sí - Básico', NULL),
(767, 22, 27, NULL, 'Sí - Básico', NULL),
(768, 22, 28, NULL, 'Sí - Básico', NULL),
(769, 22, 29, NULL, 'Sí - Básico', NULL),
(770, 22, 30, NULL, 'Sí - Básico', NULL),
(771, 22, 31, NULL, 'Sí - Básico', NULL),
(772, 22, 32, NULL, 'Sí - Básico', NULL),
(773, 22, 33, NULL, 'Sí - Básico', NULL),
(774, 22, 34, NULL, 'Sí - Básico', NULL),
(775, 22, 35, NULL, 'Sí - Básico', NULL),
(776, 22, 36, NULL, 'ddd', NULL),
(777, 22, 37, NULL, 'rr', NULL),
(778, 23, 1, NULL, 'Sí - Intermedio', NULL),
(779, 23, 2, NULL, 'Sí - Intermedio', NULL),
(780, 23, 3, NULL, 'Sí - Intermedio', NULL),
(781, 23, 4, NULL, 'Sí - Intermedio', NULL),
(782, 23, 5, NULL, 'Sí - Intermedio', NULL),
(783, 23, 6, NULL, 'Sí - Intermedio', NULL),
(784, 23, 7, NULL, 'Sí - Intermedio', NULL),
(785, 23, 8, NULL, 'Sí - Intermedio', NULL),
(786, 23, 9, NULL, 'Sí - Intermedio', NULL),
(787, 23, 10, NULL, 'Sí - Intermedio', NULL),
(788, 23, 11, NULL, 'Sí - Intermedio', NULL),
(789, 23, 12, NULL, 'Sí - Intermedio', NULL),
(790, 23, 13, NULL, 'Sí - Intermedio', NULL),
(791, 23, 14, NULL, 'Sí - Intermedio', NULL),
(792, 23, 15, NULL, 'Sí - Intermedio', NULL),
(793, 23, 16, NULL, 'Sí - Intermedio', NULL),
(794, 23, 17, NULL, 'Sí - Intermedio', NULL),
(795, 23, 18, NULL, 'Sí - Intermedio', NULL),
(796, 23, 19, NULL, 'Sí - Intermedio', NULL),
(797, 23, 20, NULL, 'Sí - Intermedio', NULL),
(798, 23, 21, NULL, 'Sí - Intermedio', NULL),
(799, 23, 22, NULL, 'Sí - Intermedio', NULL),
(800, 23, 23, NULL, 'Sí - Intermedio', NULL),
(801, 23, 24, NULL, 'Sí - Intermedio', NULL),
(802, 23, 25, NULL, 'Sí - Intermedio', NULL),
(803, 23, 26, NULL, 'Sí - Intermedio', NULL),
(804, 23, 27, NULL, 'Sí - Intermedio', NULL),
(805, 23, 28, NULL, 'Sí - Intermedio', NULL),
(806, 23, 29, NULL, 'Sí - Intermedio', NULL),
(807, 23, 30, NULL, 'Sí - Intermedio', NULL),
(808, 23, 31, NULL, 'Sí - Intermedio', NULL),
(809, 23, 32, NULL, 'Sí - Intermedio', NULL),
(810, 23, 33, NULL, 'Sí - Intermedio', NULL),
(811, 23, 34, NULL, 'Sí - Intermedio', NULL),
(812, 23, 35, NULL, 'Sí - Intermedio', NULL),
(813, 23, 36, NULL, ' ddssd', NULL),
(814, 23, 37, NULL, 'dsss', NULL),
(815, 24, 1, NULL, 'Sí - Básico', NULL),
(816, 24, 2, NULL, 'Sí - Intermedio', NULL),
(817, 24, 3, NULL, 'Sí - Intermedio', NULL),
(818, 24, 4, NULL, 'Sí - Intermedio', NULL),
(819, 24, 5, NULL, 'Sí - Intermedio', NULL),
(820, 24, 6, NULL, 'Sí - Intermedio', NULL),
(821, 24, 7, NULL, 'Sí - Intermedio', NULL),
(822, 24, 8, NULL, 'Sí - Intermedio', NULL),
(823, 24, 9, NULL, 'Sí - Intermedio', NULL),
(824, 24, 10, NULL, 'Sí - Intermedio', NULL),
(825, 24, 11, NULL, 'Sí - Intermedio', NULL),
(826, 24, 12, NULL, 'Sí - Intermedio', NULL),
(827, 24, 13, NULL, 'Sí - Intermedio', NULL),
(828, 24, 14, NULL, 'Sí - Intermedio', NULL),
(829, 24, 15, NULL, 'Sí - Intermedio', NULL),
(830, 24, 16, NULL, 'Sí - Intermedio', NULL),
(831, 24, 17, NULL, 'Sí - Intermedio', NULL),
(832, 24, 18, NULL, 'Sí - Intermedio', NULL),
(833, 24, 19, NULL, 'Sí - Intermedio', NULL),
(834, 24, 20, NULL, 'Sí - Intermedio', NULL),
(835, 24, 21, NULL, 'Sí - Intermedio', NULL),
(836, 24, 22, NULL, 'Sí - Intermedio', NULL),
(837, 24, 23, NULL, 'Sí - Intermedio', NULL),
(838, 24, 24, NULL, 'Sí - Intermedio', NULL),
(839, 24, 25, NULL, 'Sí - Intermedio', NULL),
(840, 24, 26, NULL, 'Sí - Intermedio', NULL),
(841, 24, 27, NULL, 'Sí - Intermedio', NULL),
(842, 24, 28, NULL, 'Sí - Intermedio', NULL),
(843, 24, 29, NULL, 'Sí - Intermedio', NULL),
(844, 24, 30, NULL, 'Sí - Intermedio', NULL),
(845, 24, 31, NULL, 'Sí - Intermedio', NULL),
(846, 24, 32, NULL, 'Sí - Intermedio', NULL),
(847, 24, 33, NULL, 'Sí - Intermedio', NULL),
(848, 24, 34, NULL, 'Sí - Intermedio', NULL),
(849, 24, 35, NULL, 'Sí - Intermedio', NULL),
(850, 24, 36, NULL, ' ss', NULL),
(851, 24, 37, NULL, 's', NULL);

-- Data for table: users
-- 24 rows
INSERT INTO users (id, name, contact, entity, municipality, created_at) VALUES
(1, 'DIEGO MAURICIO PARDO CABRERA', '3138325154 / dimao1@gmail.com', 'ssdsdsa', 'sassaas', NULL),
(2, 'DIEGO MAURICIO PARDO CABRERAssssss', '3138325154 / dimao1@gmail.com', 'ssaassa', 'sassasa', NULL),
(3, 'NANCY CANO', '32154545 / sistemas@encoexpres.com.co', 'ssqqwq wqww q', 'sdfs fsdf s dwwww', NULL),
(4, 'DIEGO PARDO', '3214900547 / dimao1@gmail.com', 'ssda  a ss asd ', 'sad sa dasdssa', NULL),
(5, 'DIEGO MAURICIO PARDO CABRERA', '3138325154 / dimao1@gmail.com', 'x', 'z', NULL),
(6, 'DIEGO MAURICIO PARDO CABRERA', '3138325154 / dimao1@gmail.com', 'fdfd fjsdljsdl kj', 'sdfs fsdf s d', NULL),
(7, 'DIEGO MAURICIO PARDO CABRERA', '3138325154 / dimao1@gmail.com', 'fdfd fjsdljsdl kj', 'sdfs fsdf s d', NULL),
(8, 'DIEGO MAURICIO PARDO', '3214900547 / sistemas@encoexpres.com.co', 'dsds', 'sdfs fsdf s d', NULL),
(9, 'DIEGO MAURICIO PARDO CABRERA', '3138325154 / dimao1@gmail.com', 'dsdssssd', 'dsdsds', NULL),
(10, 'DIEGO PARDO', '3214900547 / dimao1@gmail.com', 'fdfd fjsdljsdl kj', 'sdfs fsdf s d', NULL),
(11, 'DIEGO MAURICIO PARDO CABRERA', '3138325154 / dimao1@gmail.com', 'sadasd', 'asdasd', NULL),
(12, 'Yessica Alexandra Lucero Acero', '3105188560 / yessicaalexandra07@hotmail.com', 'Mi propia vida', 'Por ahí', NULL),
(13, 'dasdas', '32322 / ddsds@godo.com', 'dsdfsdf', 'sdsdfsd', NULL),
(14, 'DIEGO MAURICIO PARDO CABRERA', '3138325154 / dimao1@gmail.com', 'dsdsd', 'xdfdf', NULL),
(15, 'DIEGO MAURICIO PARDO CABRERA', '3138325154 / dimao1@gmail.com', 'fdfd fjsdljsdl kj', 'sdfs fsdf s d', NULL),
(16, 'DIEGO MAURICIO PARDO CABRERA', '3138325154 / dimao1@gmail.com', 'fdfd fjsdljsdl kj', 'sdfs fsdf s d', NULL),
(17, 'DIEGO MAURICIO PARDO', '3214900547 / sistemas@encoexpres.com.co', 'fdfd fjsdljsdl kj', 'sdfs fsdf s d', NULL),
(18, 'DIEGO MAURICIO PARDO CABRERA', '3138325154 / dimao1@gmail.com', 'ddds', 'ddasdas', NULL),
(19, 'prueba', '5324244 / fulanito@hotmail.com', 'esraassdasd', 'qdsdsdsc', NULL),
(20, 'DIEGO MAURICIO PARDO CABRERA', '3138325154 / dimao1@gmail.com', 'dfsdfdsdfsdfd', 'xfvfvgfv', NULL),
(21, 'fulanito', '344234244 / ffsdfsdf@gmail.com', 'deedoedodo', 'tebaida', NULL),
(22, 'DIEGO MAURICIO PARDO CABRERA', '3138325154 / dimao1@gmail.com', 'ddssf', 'dfdfds', NULL),
(23, 'DIEGO MAURICIO PARDO CABRERA', '3138325154 / dimao1@gmail.com', 'dsfsdsfdfsdfsdfsd sdfsf sdf sd fsd sfds dff sd ', 'sdfdsfs fdsf f', NULL),
(24, 'DIEGO MAURICIO PARDO CABRERA', '3138325154 / dimao1@gmail.com', 'dfsdfsdfsfd', 'fsdfdsf', NULL);

